project,PR/Issue,Source,type,status,spec_name,filename,line,PRs
AlexRiina-checkmyreqs,PR,FSE-Demo,test,PR Pending,FileClosedAnalysis,tests/test_checkmyreqs.py,24,https://github.com/AlexRiina/checkmyreqs/pull/1
SigmaHQ-pySigma,PR,FSE-Demo,project,PR Accepted,BuiltinAllAnalysis,sigma/processing/pipeline.py,540,https://github.com/SigmaHQ/pySigma/pull/437
SigmaHQ-pySigma,PR,FSE-Demo,project,PR Accepted,BuiltinAllAnalysis,sigma/processing/pipeline.py,557,https://github.com/SigmaHQ/pySigma/pull/437
SigmaHQ-pySigma,PR,FSE-Demo,project,PR Accepted,BuiltinAllAnalysis,sigma/processing/pipeline.py,581,https://github.com/SigmaHQ/pySigma/pull/437
SigmaHQ-pySigma,PR,FSE-Demo,project,PR Accepted,BuiltinAllAnalysis,sigma/processing/pipeline.py,606,https://github.com/SigmaHQ/pySigma/pull/437
Arcadia-Science-readlif,PR,FSE-Demo,project,PR Pending,FileClosedAnalysis,readlif/reader.py,233,https://github.com/Arcadia-Science/readlif/pull/67
Building-Transparency-ECHO-schema,PR,FSE-Demo,project,PR Pending,FileClosedAnalysis,pythonmop/pymop-startup-helper/sitecustomize.py,1901,https://github.com/Building-Transparency/ECHO-schema/pull/5
CMakePP-CMinx,PR,FSE-Demo,project,PR Accepted,FileClosedAnalysis,pythonmop/pymop-startup-helper/sitecustomize.py,1901,https://github.com/CMakePP/CMinx/pull/175
bcwaldon-warlock,PR,FSE-Demo,test,PR Pending,FileClosedAnalysis,tests/test_core.py,265,https://github.com/bcwaldon/warlock/pull/70
DCZYewen-Python-Silk-Module,PR,FSE-Demo,project,PR Accepted,FileClosedAnalysis,pythonmop/pymop-startup-helper/sitecustomize.py,1901,https://github.com/DCZYewen/Python-Silk-Module/pull/12
K0lb3-UnityPy,PR,FSE-Demo,project,PR Accepted,FileClosedAnalysis,pythonmop/pymop-startup-helper/sitecustomize.py,1901,https://github.com/K0lb3/UnityPy/pull/358
OnroerendErfgoed-skosprovider_rdf,PR,FSE-Demo,project,PR Accepted,FileClosedAnalysis,pythonmop/pymop-startup-helper/sitecustomize.py,1901,https://github.com/OnroerendErfgoed/skosprovider_rdf/pull/132
SigmaHQ-pySigma,PR,FSE-Demo,project,PR Accepted,FileClosedAnalysis,sigma/processing/resolver.py,65,https://github.com/SigmaHQ/pySigma/pull/438
bjhall-upd,PR,FSE-Demo,project,PR Pending,FileClosedAnalysis,pythonmop/pymop-startup-helper/sitecustomize.py,1901,https://github.com/bjhall/upd/pull/10
by-cx-InvoiceGenerator,PR,FSE-Demo,project,PR Accepted,FileClosedAnalysis,InvoiceGenerator/generator.py,130,https://github.com/by-cx/InvoiceGenerator/pull/55
cernopendata-cernopendata-client,PR,FSE-Demo,project,PR Accepted,FileClosedAnalysis,pythonmop/pymop-startup-helper/sitecustomize.py,1901,https://github.com/cernopendata/cernopendata-client/pull/176
cisagov-clamav-report,PR,FSE-Demo,project,PR Accepted,FileClosedAnalysis,src/clamav_report/clamav_report.py,222,https://github.com/cisagov/clamav-report/pull/49
citrusvanilla-tinyflux,PR,FSE-Demo,project,PR Accepted,FileClosedAnalysis,pythonmop/pymop-startup-helper/sitecustomize.py,1901,https://github.com/citrusvanilla/tinyflux/pull/62
dundee-mypy2junit,PR,FSE-Demo,project,PR Pending,FileClosedAnalysis,pythonmop/pymop-startup-helper/sitecustomize.py,1901,https://github.com/dundee/mypy2junit/pull/7
dvc94ch-pykicad,PR,FSE-Demo,project,PR Accepted,FileClosedAnalysis,pykicad/module.py,543,https://github.com/dvc94ch/pykicad/pull/43
geekscape-aiko_services,PR,FSE-Demo,project,PR Accepted,FileClosedAnalysis,pythonmop/pymop-startup-helper/sitecustomize.py,1901,https://github.com/geekscape/aiko_services/pull/53
gutomaia-nesasm_py,PR,FSE-Demo,project,PR Pending,FileClosedAnalysis,pythonmop/pymop-startup-helper/sitecustomize.py,1901,https://github.com/gutomaia/nesasm_py/pull/11
hfaran-Tornado-JSON,PR,FSE-Demo,project,PR Accepted,FileClosedAnalysis,pythonmop/pymop-startup-helper/sitecustomize.py,1901,https://github.com/hfaran/Tornado-JSON/pull/115
intezer-analyze-python-sdk,PR,FSE-Demo,project,PR Accepted,FileClosedAnalysis,pythonmop/pymop-startup-helper/sitecustomize.py,1901,https://github.com/intezer/analyze-python-sdk/pull/167
lsst-ts-ts_xml,PR,FSE-Demo,project,PR Pending,FileClosedAnalysis,pythonmop/pymop-startup-helper/sitecustomize.py,1901,https://github.com/lsst-ts/ts_xml/pull/1054
macbre-mediawiki-dump,PR,FSE-Demo,project,PR Accepted,FileClosedAnalysis,pythonmop/pymop-startup-helper/sitecustomize.py,1901,https://github.com/macbre/mediawiki-dump/pull/302
microscopexyz-chainmetareader,PR,FSE-Demo,project,PR Pending,FileClosedAnalysis,chainmeta_reader/config/__init__.py,94,https://github.com/microscopexyz/chainmetareader/pull/106
ncrocfer-whatportis,PR,FSE-Demo,project,PR Pending,FileClosedAnalysis,pythonmop/pymop-startup-helper/sitecustomize.py,1901,https://github.com/ncrocfer/whatportis/pull/25
omergertel-pyformance,PR,FSE-Demo,project,PR Pending,FileClosedAnalysis,pythonmop/pymop-startup-helper/sitecustomize.py,1901,https://github.com/omergertel/pyformance/pull/82
passaH2O-dorado,PR,FSE-Demo,project,PR Accepted,FileClosedAnalysis,pythonmop/pymop-startup-helper/sitecustomize.py,1901,https://github.com/passaH2O/dorado/pull/59
sckott-habanero,PR,FSE-Demo,project,PR Accepted,FileClosedAnalysis,pythonmop/pymop-startup-helper/sitecustomize.py,1901,https://github.com/sckott/habanero/pull/206
sekipaolo-pypingdom,PR,FSE-Demo,project,PR Pending,FileClosedAnalysis,pythonmop/pymop-startup-helper/sitecustomize.py,1901,https://github.com/sekipaolo/pypingdom/pull/130
visgl-deck.gl,PR,FSE-Demo,project,PR Accepted,FileClosedAnalysis,pythonmop/pymop-startup-helper/sitecustomize.py,1901,https://github.com/visgl/deck.gl/pull/9500
PaloAltoNetworks-xsoar-panos-upgrade-automation,PR,FSE-Demo,project,PR Pending,FileClosedAnalysis,pythonmop/pymop-startup-helper/sitecustomize.py,1901,https://github.com/PaloAltoNetworks/xsoar-panos-upgrade-automation/pull/56
tigrus-dadata-python,PR,FSE-Demo,test,PR Pending,HostnamesTerminatesWithSlash,tests/test_address.py,105,https://github.com/tigrus/dadata-python/pull/4
psf-requests,PR,FSE-Demo,library,PR Accepted,HostnamesTerminatesWithSlash,tests/test_requests.py,1620,https://github.com/psf/requests/pull/6936
intuit-mastko,PR,FSE-Demo,project,PR Pending,InPlaceSortAnalysis,mastko/lib/aws_cidr.py,67,https://github.com/intuit/mastko/pull/3
jgressier-cfdtools,PR,FSE-Demo,project,PR Accepted,InPlaceSortAnalysis,cfdtools/meshbase/_connectivity.py,280,https://github.com/jgressier/cfdtools/pull/57
neulab-compare-mt,PR,FSE-Demo,project,False Alarm,InPlaceSortAnalysis,compare_mt/compare_mt_main.py,456,
AliAkhtari78-SpotifyScraper,PR,FSE-Demo,library,Not on GitHub,InPlaceSortAnalysis,bs4/dammit.py,158,
AlvaroMenduina-ZERN,PR,FSE-Demo,library,False Alarm,InPlaceSortAnalysis,pyparsing/util.py,273,
EDCD-EDMarketConnector,PR,FSE-Demo,library,False Alarm,InPlaceSortAnalysis,coverage/results.py,331,
EDCD-EDMarketConnector,PR,FSE-Demo,library,False Alarm,InPlaceSortAnalysis,coverage/results.py,332,
Nazime-coloring,PR,FSE-Demo,library,False Alarm,InPlaceSortAnalysis,hypothesis/internal/conjecture/floats.py,92,
OnroerendErfgoed-skosprovider_rdf,PR,FSE-Demo,library,False Alarm,InPlaceSortAnalysis,html5lib/_trie/py.py,15,
SigmaHQ-pySigma,PR,FSE-Demo,library,False Alarm,InPlaceSortAnalysis,_pytest/cacheprovider.py,475,
andgineer-hrcomparison,PR,FSE-Demo,library,False Alarm,InPlaceSortAnalysis,pyparsing/unicode.py,63,
andgineer-hrcomparison,PR,FSE-Demo,library,False Alarm,InPlaceSortAnalysis,pyparsing/util.py,210,
benoitc-gunicorn,PR,FSE-Demo,library,False Alarm,InPlaceSortAnalysis,coverage/xmlreport.py,214,
blablatdinov-deltaver,PR,FSE-Demo,library,False Alarm,InPlaceSortAnalysis,deltaver/sorted_package_list.py,45,
brews-bayfox,PR,FSE-Demo,library,False Alarm,InPlaceSortAnalysis,pyparsing/util.py,290,
clbarnes-f_it,PR,FSE-Demo,library,False Alarm,InPlaceSortAnalysis,pytest_benchmark/stats.py,54,
genericmoniker-onenote-dump,PR,FSE-Demo,library,Not on GitHub,InPlaceSortAnalysis,bs4/dammit.py,94,
mozilla-bleach,PR,FSE-Demo,library,False Alarm,InPlaceSortAnalysis,bleach/_vendor/html5lib/_trie/py.py,15,
AlexanderCollins-TurboDRF,PR,FSE-Demo,test,False Alarm,InvalidComparisonAnalysis,tests/unit/test_router.py,54,
AlexanderCollins-TurboDRF,PR,FSE-Demo,test,False Alarm,InvalidComparisonAnalysis,tests/unit/test_router.py,66,
STIXProject-stix-validator,PR,FSE-Demo,project,PR Pending,ItemInList,sdv/validators/xml_schema.py,307,https://github.com/STIXProject/stix-validator/pull/87
bastikr-boolean.py,PR,FSE-Demo,project,PR Pending,ItemInList,boolean/boolean.py,1346,https://github.com/bastikr/boolean.py/pull/124
bastikr-boolean.py,PR,FSE-Demo,project,PR Pending,ItemInList,boolean/boolean.py,1352,https://github.com/bastikr/boolean.py/pull/124
bastikr-boolean.py,PR,FSE-Demo,project,PR Pending,ItemInList,boolean/boolean.py,1359,https://github.com/bastikr/boolean.py/pull/124
jessizanelato-desafio-fifa,PR,FSE-Demo,project,PR Pending,ItemInList,main.py,56,https://github.com/jessizanelato/desafio-fifa/pull/1
jgressier-cfdtools,PR,FSE-Demo,project,False Alarm,ItemInList,cfdtools/gmsh/reader.py,248,
jgressier-cfdtools,PR,FSE-Demo,project,False Alarm,ItemInList,cfdtools/gmsh/reader.py,288,
samdmarshall-pbPlist,PR,FSE-Demo,project,PR Pending,ItemInList,pbPlist/pbRoot.py,74,https://github.com/samdmarshall/pbPlist/pull/12
Azure-azure-iot-hub-python,PR,FSE-Demo,library,Repo Archived,ItemInList,msrest/universal_http/requests.py,351,https://github.com/Azure/msrest-for-python/pull/266
EigenPro-EigenPro,PR,FSE-Demo,library,False Alarm,ItemInList,torch/_refs/__init__.py,587,
JDArmy-TextWatermark,PR,FSE-Demo,library,PR Accepted,ItemInList,dynaconf/base.py,306,https://github.com/dynaconf/dynaconf/pull/1360
Parsely-streamparse,PR,FSE-Demo,library,Repo Archived,ItemInList,ply/yacc.py,2292,
RedHatQE-wrapanapi,PR,FSE-Demo,library,False Alarm,ItemInList,pkg_resources/__init__.py,804,
RedHatQE-wrapanapi,PR,FSE-Demo,library,False Alarm,ItemInList,pkg_resources/__init__.py,802,
Snowflake-Labs-geff,PR,FSE-Demo,library,PR Accepted,ItemInList,botocore/loaders.py,408,https://github.com/boto/botocore/pull/3622
analogdevicesinc-ai8x-synthesis,PR,FSE-Demo,library,False Alarm,ItemInList,torch/_refs/__init__.py,520,
benoitc-gunicorn,PR,FSE-Demo,library,PR Rejected,ItemInList,gevent/_socket3.py,661,https://github.com/gevent/gevent/pull/2157
bohdanbobrowski-blog2epub,PR,FSE-Demo,library,Not on GitHub,ItemInList,bs4/builder/_htmlparser.py,213,
robotools-extractor,PR,FSE-Demo,library,PR Accepted,ItemInList,defcon/tools/unicodeTools.py,305,https://github.com/robotools/defcon/pull/486
robotools-extractor,PR,FSE-Demo,library,PR Accepted,ItemInList,defcon/tools/unicodeTools.py,313,https://github.com/robotools/defcon/pull/486
tunakasif-torch-frft,PR,FSE-Demo,library,False Alarm,ItemInList,torch/_refs/__init__.py,544,
Toilal-rebulk,PR,FSE-Demo,project,PR Accepted,ItemInList,rebulk/utils.py,99,https://github.com/Toilal/rebulk/pull/30
nedbat-coveragepy,PR,FSE-Demo,library,PR Accepted,ItemInList,coverage/control.py,443,https://github.com/nedbat/coveragepy/pull/1932
suds-community-suds,PR,FSE-Demo,project,PR Accepted,ItemInList,suds/properties.py,74,https://github.com/suds-community/suds/pull/112
marshmallow-code-apispec,PR,FSE-Demo,project,PR Accepted,ItemInList,src/apispec/ext/marshmallow/common.py,105,https://github.com/marshmallow-code/apispec/pull/972
pdyba-lambdalizator,PR,FSE-Demo,test,PR Accepted,ItemInList,tests/test_exceptions.py,76,https://github.com/pdyba/lambdalizator/pull/108
durableOne-orgmunge,PR,FSE-Demo,project,PR Accepted,ItemInList,src/orgmunge/classes.py,161,https://github.com/durableOne/orgmunge/pull/18
dbischof90-sdetools,PR,FSE-Demo,project,PR Accepted,ItemInList,sde.py,55,https://github.com/dbischof90/sdetools/pull/1
Telefonica-HomePWN,PR,FSE-Demo,test,PR Accepted,ItemInList,tests/test_utils.py,102,https://github.com/Telefonica/HomePWN/pull/42
Aggify-aggify,PR,FSE-Demo,test,PR Pending,ItemInList,tests/test_aggify.py,665,https://github.com/Aggify/aggify/pull/151
samdmarshall-pbPlist,PR,FSE-Demo,project,PR Pending,ItemInList,pbPlist/pbRoot.py,74,https://github.com/samdmarshall/pbPlist/pull/11
pandas-dev-pandas,PR,FSE-Demo,library,PR Accepted,ItemInList,pandas/io/parsers/c_parser_wrapper.py,262,https://github.com/pandas-dev/pandas/pull/61046
cisagov-clamav-report,PR,FSE-Demo,library,PR Accepted,Logging_MustNotLogAfterShutdown,clamav_report/clamav_report.py,269,https://github.com/cisagov/clamav-report/pull/50
cisagov-clamav-report,PR,FSE-Demo,library,PR Accepted,Logging_MustNotLogAfterShutdown,clamav_report/clamav_report.py,114,https://github.com/cisagov/clamav-report/pull/50
cisagov-clamav-report,PR,FSE-Demo,library,PR Accepted,Logging_MustNotLogAfterShutdown,clamav_report/clamav_report.py,168,https://github.com/cisagov/clamav-report/pull/50
cisagov-clamav-report,PR,FSE-Demo,library,PR Accepted,Logging_MustNotLogAfterShutdown,clamav_report/clamav_report.py,76,https://github.com/cisagov/clamav-report/pull/50
cisagov-clamav-report,PR,FSE-Demo,library,PR Accepted,Logging_MustNotLogAfterShutdown,clamav_report/clamav_report.py,174,https://github.com/cisagov/clamav-report/pull/50
cisagov-clamav-report,PR,FSE-Demo,library,PR Accepted,Logging_MustNotLogAfterShutdown,clamav_report/clamav_report.py,178,https://github.com/cisagov/clamav-report/pull/50
cisagov-clamav-report,PR,FSE-Demo,library,PR Accepted,Logging_MustNotLogAfterShutdown,clamav_report/clamav_report.py,282,https://github.com/cisagov/clamav-report/pull/50
AliAkhtari78-SpotifyScraper,PR,FSE-Demo,project,False Alarm,Pydocs_MustCloseSocket,pythonmop/pymop-startup-helper/sitecustomize.py,1901,
jdotpy-streamline,PR,FSE-Demo,project,PR Pending,Pydocs_MustCloseSocket,pythonmop/pymop-startup-helper/sitecustomize.py,1901,https://github.com/jdotpy/streamline/pull/2
python-trio-trustme,PR,FSE-Demo,test,PR Rejected,Pydocs_MustShutdownBeforeCloseSocket,tests/test_trustme.py,329,https://github.com/python-trio/trustme/pull/698
python-trio-trustme,PR,FSE-Demo,test,PR Rejected,Pydocs_MustShutdownBeforeCloseSocket,tests/test_trustme.py,318,https://github.com/python-trio/trustme/pull/698
python-trio-trustme,PR,FSE-Demo,test,PR Rejected,Pydocs_MustShutdownBeforeCloseSocket,tests/test_trustme.py,304,https://github.com/python-trio/trustme/pull/698
python-trio-trustme,PR,FSE-Demo,test,PR Rejected,Pydocs_MustShutdownBeforeCloseSocket,tests/test_trustme.py,313,https://github.com/python-trio/trustme/pull/698
python-trio-trustme,PR,FSE-Demo,test,PR Rejected,Pydocs_MustShutdownBeforeCloseSocket,tests/test_trustme.py,299,https://github.com/python-trio/trustme/pull/698
Hi-Dolphin-datamax,PR,FSE-Demo,library,False Alarm,Pydocs_MustShutdownBeforeCloseSocket,aliyunsdkcore/vendored/requests/packages/urllib3/util/connection.py,130,
SeleniumHQ-selenium,PR,FSE-Demo,project,PR Accepted,Pydocs_MustShutdownBeforeCloseSocket,py/selenium/webdriver/common/utils.py,107,https://github.com/SeleniumHQ/selenium/pull/15453
clbarnes-f_it,PR,FSE-Demo,project,False Alarm,PyDocs_MustSortBeforeGroupBy,f_it/fit.py,389,
clbarnes-f_it,PR,FSE-Demo,test,PR Pending,PyDocs_MustSortBeforeGroupBy,tests/test_fit.py,260,https://github.com/clbarnes/f_it/pull/154
mpopt-mpopt,PR,FSE-Demo,project,False Alarm,PyDocs_MustSortBeforeGroupBy,mpopt/mpopt.py,2685,
Toilal-rebulk,PR,FSE-Demo,project,False Alarm,PyDocs_MustSortBeforeGroupBy,rebulk/rules.py,300,
Toilal-rebulk,PR,FSE-Demo,project,PR Accepted,PyDocs_MustSortBeforeGroupBy,rebulk/chain.py,188,https://github.com/Toilal/rebulk/pull/31
Toilal-rebulk,PR,FSE-Demo,project,False Alarm,PyDocs_MustSortBeforeGroupBy,rebulk/match.py,71,
Toilal-rebulk,PR,FSE-Demo,project,False Alarm,PyDocs_MustSortBeforeGroupBy,rebulk/match.py,53,
Toilal-rebulk,PR,FSE-Demo,project,False Alarm,PyDocs_MustSortBeforeGroupBy,rebulk/match.py,62,
pycontw-mail_handler,PR,FSE-Demo,project,False Alarm,Pydocs_NoReadAfterAccess,mail_handler/render_mail.py,112,
pycontw-mail_handler,PR,FSE-Demo,project,False Alarm,Pydocs_NoReadAfterAccess,mail_handler/render_mail.py,26,
pycontw-mail_handler,PR,FSE-Demo,project,False Alarm,Pydocs_NoReadAfterAccess,mail_handler/render_mail.py,105,
pycontw-mail_handler,PR,FSE-Demo,project,False Alarm,Pydocs_NoReadAfterAccess,mail_handler/render_mail.py,109,
pycontw-mail_handler,PR,FSE-Demo,project,False Alarm,Pydocs_NoReadAfterAccess,mail_handler/send_mail.py,148,
pycontw-mail_handler,PR,FSE-Demo,test,False Alarm,Pydocs_NoReadAfterAccess,tests/utils.py,46,
pycontw-mail_handler,PR,FSE-Demo,test,False Alarm,Pydocs_NoReadAfterAccess,tests/utils.py,41,
pycontw-mail_handler,PR,FSE-Demo,project,False Alarm,Pydocs_NoReadAfterAccess,mail_handler/send_mail.py,76,
pycontw-mail_handler,PR,FSE-Demo,test,False Alarm,Pydocs_NoReadAfterAccess,tests/utils.py,131,
dbcli-mycli,PR,FSE-Demo,project,PR Accepted,Pydocs_NoReadAfterAccess,mycli/config.py,68,https://github.com/dbcli/mycli/pull/1203
kura-blackhole,PR,FSE-Demo,project,PR Pending,Pydocs_NoReadAfterAccess,blackhole/config.py,266,https://github.com/kura/blackhole/pull/38
kura-blackhole,PR,FSE-Demo,test,False Alarm,Pydocs_NoReadAfterAccess,tests/_utils.py,52,
Astropilot-thumbhash-python,PR,FSE-Demo,library,False Alarm,Pydocs_NoReadAfterAccess,PIL/Image.py,3431,
cisagov-clamav-report,PR,FSE-Demo,library,Already fixed before we reported,Pydocs_NoReadAfterAccess,ansible/parsing/dataloader.py,176,
cisagov-clamav-report,PR,FSE-Demo,library,Already fixed before we reported,Pydocs_NoReadAfterAccess,ansible/plugins/inventory/script.py,188,
pmrowla-pylivemaker,PR,FSE-Demo,library,False Alarm,Pydocs_NoReadAfterAccess,livemaker/archive.py,607,
pmrowla-pylivemaker,PR,FSE-Demo,library,False Alarm,Pydocs_NoReadAfterAccess,livemaker/cli/lmlsb.py,60,
pmrowla-pylivemaker,PR,FSE-Demo,library,False Alarm,Pydocs_NoReadAfterAccess,livemaker/cli/lmlsb.py,118,
pmrowla-pylivemaker,PR,FSE-Demo,library,False Alarm,Pydocs_NoReadAfterAccess,livemaker/cli/lmlsb.py,1260,
dbcli-mycli,PR,FSE-Demo,library,False Alarm,Pydocs_NoReadAfterAccess,configobj/__init__.py,1231,
manthanmtg-live_differ,PR,FSE-Demo,project,PR Pending,Pydocs_NoReadAfterAccess,live_differ/cli.py,26,https://github.com/manthanmtg/live_differ/pull/3
snstac-pytak,PR,FSE-Demo,test,PR Accepted,Pydocs_ShouldNotInstantiateStreamWriter,tests/test_classes.py,101,https://github.com/snstac/pytak/pull/86
alengwenus-pypck,PR,FSE-Demo,project,Already fixed before we reported,Pydocs_ShouldUseStreamWriterCorrectly,pypck/connection.py,282,
alengwenus-pypck,PR,FSE-Demo,project,Already fixed before we reported,Pydocs_ShouldUseStreamWriterCorrectly,pypck/connection.py,293,
kura-blackhole,PR,FSE-Demo,project,PR Pending,Pydocs_ShouldUseStreamWriterCorrectly,blackhole/protocols.py,151,https://github.com/kura/blackhole/pull/39
ska-sa-aiokatcp,PR,FSE-Demo,test,PR Rejected,Pydocs_ShouldUseStreamWriterCorrectly,tests/test_client.py,124,https://github.com/ska-sa/aiokatcp/pull/118
ska-sa-aiokatcp,PR,FSE-Demo,test,PR Rejected,Pydocs_ShouldUseStreamWriterCorrectly,tests/test_client.py,391,https://github.com/ska-sa/aiokatcp/pull/118
ska-sa-aiokatcp,PR,FSE-Demo,test,False Alarm,Pydocs_ShouldUseStreamWriterCorrectly,tests/test_client.py,419,
ska-sa-aiokatcp,PR,FSE-Demo,test,PR Rejected,Pydocs_ShouldUseStreamWriterCorrectly,tests/test_connection.py,204,https://github.com/ska-sa/aiokatcp/pull/118
ska-sa-aiokatcp,PR,FSE-Demo,test,False Alarm,Pydocs_ShouldUseStreamWriterCorrectly,tests/test_connection.py,213,
ska-sa-aiokatcp,PR,FSE-Demo,test,False Alarm,Pydocs_ShouldUseStreamWriterCorrectly,tests/test_connection.py,116,
ska-sa-aiokatcp,PR,FSE-Demo,test,False Alarm,Pydocs_ShouldUseStreamWriterCorrectly,tests/test_connection.py,256,
ska-sa-aiokatcp,PR,FSE-Demo,test,False Alarm,Pydocs_ShouldUseStreamWriterCorrectly,tests/test_server.py,196,
tiagocoutinho-modbus-proxy,PR,FSE-Demo,library,False Alarm,Pydocs_ShouldUseStreamWriterCorrectly,modbus_proxy.py,69,
ska-sa-aiokatcp,PR,FSE-Demo,library,False Alarm,Pydocs_ShouldUseStreamWriterCorrectly,aiokatcp/connection.py,188,
alengwenus-pypck,PR,FSE-Demo,test,PR Accepted,Pydocs_ShouldUseStreamWriterCorrectly,tests/mock_pchk.py,131,https://github.com/alengwenus/pypck/pull/126
kura-blackhole,PR,FSE-Demo,test,PR Pending,Pydocs_ShouldUseStreamWriterCorrectly,tests/test_classes.py,151,https://github.com/kura/blackhole/pull/37
EDCD-EDMarketConnector,PR,FSE-Demo,test,"No longer publicly available as of Oct 5, 2026",RandomMustUseSeed,tests/config/test_config.py,49,
EDCD-EDMarketConnector,PR,FSE-Demo,test,"No longer publicly available as of Oct 5, 2026",RandomMustUseSeed,tests/config/test_config.py,40,
EDCD-EDMarketConnector,PR,FSE-Demo,test,"No longer publicly available as of Oct 5, 2026",RandomMustUseSeed,tests/config/test_config.py,42,
EDCD-EDMarketConnector,PR,FSE-Demo,test,"No longer publicly available as of Oct 5, 2026",RandomMustUseSeed,tests/config/test_config.py,34,
FrankD412-pyaestro,PR,FSE-Demo,test,PR Accepted,RandomMustUseSeed,tests/structures/graphs/test_adjacency.py,95,https://github.com/FrankD412/pyaestro/pull/23
FrankD412-pyaestro,PR,FSE-Demo,test,PR Accepted,RandomMustUseSeed,tests/structures/graphs/test_adjacency.py,169,https://github.com/FrankD412/pyaestro/pull/23
FrankD412-pyaestro,PR,FSE-Demo,test,PR Accepted,RandomMustUseSeed,tests/structures/graphs/conftest.py,64,https://github.com/FrankD412/pyaestro/pull/23
FrankD412-pyaestro,PR,FSE-Demo,test,PR Accepted,RandomMustUseSeed,tests/structures/graphs/conftest.py,69,https://github.com/FrankD412/pyaestro/pull/23
FrankD412-pyaestro,PR,FSE-Demo,test,PR Accepted,RandomMustUseSeed,tests/structures/graphs/test_adjacency.py,222,https://github.com/FrankD412/pyaestro/pull/23
FrankD412-pyaestro,PR,FSE-Demo,test,PR Accepted,RandomMustUseSeed,tests/structures/graphs/test_adjacency.py,226,https://github.com/FrankD412/pyaestro/pull/23
FrankD412-pyaestro,PR,FSE-Demo,test,PR Accepted,RandomMustUseSeed,tests/structures/graphs/test_adjacency.py,357,https://github.com/FrankD412/pyaestro/pull/23
FrankD412-pyaestro,PR,FSE-Demo,test,PR Accepted,RandomMustUseSeed,tests/structures/graphs/test_adjacency.py,361,https://github.com/FrankD412/pyaestro/pull/23
FrankD412-pyaestro,PR,FSE-Demo,test,PR Accepted,RandomMustUseSeed,tests/structures/graphs/conftest.py,123,https://github.com/FrankD412/pyaestro/pull/23
FrankD412-pyaestro,PR,FSE-Demo,test,PR Accepted,RandomMustUseSeed,tests/structures/graphs/conftest.py,129,https://github.com/FrankD412/pyaestro/pull/23
FrankD412-pyaestro,PR,FSE-Demo,test,PR Accepted,RandomMustUseSeed,tests/structures/graphs/test_adjacency.py,428,https://github.com/FrankD412/pyaestro/pull/23
FrankD412-pyaestro,PR,FSE-Demo,test,PR Accepted,RandomMustUseSeed,tests/structures/graphs/test_adjacency.py,435,https://github.com/FrankD412/pyaestro/pull/23
FrankD412-pyaestro,PR,FSE-Demo,test,PR Accepted,RandomMustUseSeed,tests/structures/graphs/test_adjacency.py,452,https://github.com/FrankD412/pyaestro/pull/23
FrankD412-pyaestro,PR,FSE-Demo,test,PR Accepted,RandomMustUseSeed,tests/structures/graphs/test_adjacency.py,461,https://github.com/FrankD412/pyaestro/pull/23
FrankD412-pyaestro,PR,FSE-Demo,test,PR Accepted,RandomMustUseSeed,tests/structures/graphs/test_adjacency.py,634,https://github.com/FrankD412/pyaestro/pull/23
FrankD412-pyaestro,PR,FSE-Demo,test,PR Accepted,RandomMustUseSeed,tests/structures/graphs/test_adjacency.py,709,https://github.com/FrankD412/pyaestro/pull/23
FrankD412-pyaestro,PR,FSE-Demo,test,PR Accepted,RandomMustUseSeed,tests/structures/graphs/test_adjacency.py,778,https://github.com/FrankD412/pyaestro/pull/23
FrankD412-pyaestro,PR,FSE-Demo,test,PR Accepted,RandomMustUseSeed,tests/structures/graphs/test_adjacency.py,987,https://github.com/FrankD412/pyaestro/pull/23
FrankD412-pyaestro,PR,FSE-Demo,test,PR Accepted,RandomMustUseSeed,tests/structures/graphs/conftest.py,179,https://github.com/FrankD412/pyaestro/pull/23
FrankD412-pyaestro,PR,FSE-Demo,test,PR Accepted,RandomMustUseSeed,tests/structures/graphs/conftest.py,221,https://github.com/FrankD412/pyaestro/pull/23
FrankD412-pyaestro,PR,FSE-Demo,test,PR Accepted,RandomMustUseSeed,tests/structures/graphs/conftest.py,226,https://github.com/FrankD412/pyaestro/pull/23
K0lb3-UnityPy,PR,FSE-Demo,test,PR Rejected,RandomMustUseSeed,tests/test_typetree.py,95,https://github.com/K0lb3/UnityPy/pull/357
K0lb3-UnityPy,PR,FSE-Demo,test,PR Rejected,RandomMustUseSeed,tests/test_typetree.py,103,https://github.com/K0lb3/UnityPy/pull/357
K0lb3-UnityPy,PR,FSE-Demo,test,PR Rejected,RandomMustUseSeed,tests/test_typetree.py,112,https://github.com/K0lb3/UnityPy/pull/357
Preia-Starle-casino-war-game,PR,FSE-Demo,test,PR Pending,RandomMustUseSeed,Tests/test_deck.py,93,https://github.com/Preia-Starle/casino-war-game/pull/20
Preia-Starle-casino-war-game,PR,FSE-Demo,project,False Alarm,RandomMustUseSeed,CardMechanics/Deck.py,29,
R3tr074-Burn-Byte,PR,FSE-Demo,project,False Alarm,RandomMustUseSeed,bin/addons/utils.py,30,
RedHatQE-wrapanapi,PR,FSE-Demo,test,PR Accepted,RandomMustUseSeed,tests/test_hawkular.py,105,https://github.com/RedHatQE/wrapanapi/pull/525
SigmaHQ-pySigma,PR,FSE-Demo,project,False Alarm,RandomMustUseSeed,sigma/filters.py,192,
SigmaHQ-pySigma,PR,FSE-Demo,project,False Alarm,RandomMustUseSeed,sigma/processing/transformations/condition.py,29,
Significant-Gravitas-Auto-GPT-Plugins,PR,FSE-Demo,test,False Alarm,RandomMustUseSeed,src/autogpt_plugins/api_tools/test_api_tools.py,365,
Significant-Gravitas-Auto-GPT-Plugins,PR,FSE-Demo,test,False Alarm,RandomMustUseSeed,src/autogpt_plugins/api_tools/test_api_tools.py,514,
Significant-Gravitas-Auto-GPT-Plugins,PR,FSE-Demo,project,False Alarm,RandomMustUseSeed,src/autogpt_plugins/random_values/random_values.py,183,
Significant-Gravitas-Auto-GPT-Plugins,PR,FSE-Demo,project,False Alarm,RandomMustUseSeed,src/autogpt_plugins/random_values/random_values.py,141,
Significant-Gravitas-Auto-GPT-Plugins,PR,FSE-Demo,project,False Alarm,RandomMustUseSeed,src/autogpt_plugins/random_values/random_values.py,63,
authlib-joserfc,PR,FSE-Demo,project,False Alarm,RandomMustUseSeed,src/joserfc/_keys.py,166,
bhandariprerak-SE_hw2,PR,FSE-Demo,project,False Alarm,RandomMustUseSeed,rand.py,12,
brndnmtthws-mother-of-dragons,PR,FSE-Demo,project,False Alarm,RandomMustUseSeed,mother_of_dragons/mother.py,171,
dicomsort-dicomsorter,PR,FSE-Demo,test,PR Pending,RandomMustUseSeed,tests/factories.py,59,https://github.com/dicomsort/dicomsorter/pull/17
Willames-Jr-pygame-pokemon,PR,FSE-Demo,library,PR Pending,RandomMustUseSeed,models/pokemon.py,159,https://github.com/Willames-Jr/pygame-pokemon/pull/1
Willames-Jr-pygame-pokemon,PR,FSE-Demo,library,PR Pending,RandomMustUseSeed,models/pokemon.py,189,https://github.com/Willames-Jr/pygame-pokemon/pull/1
Willames-Jr-pygame-pokemon,PR,FSE-Demo,library,PR Pending,RandomMustUseSeed,models/pokemon.py,226,https://github.com/Willames-Jr/pygame-pokemon/pull/1
slaclab-lume-model,PR,FSE-Demo,test,PR Accepted,RandomMustUseSeed,tests/models/test_torch_model.py,139,https://github.com/slaclab/lume-model/pull/95
auth0-auth0-python,PR,FSE-Demo,project,PR Accepted,RandomMustUseSeed,auth0-python/auth0/rest.py,251,https://github.com/auth0/auth0-python/pull/690
TAMUparametric-PPOPT,PR,FSE-Demo,test,PR Pending,RandomMustUseSeed,tests/solver_interface_tests/test_solver_consistency.py,27,https://github.com/TAMUparametric/PPOPT/pull/73
ConsumrBuzzy-RogueAsteroid,PR,FSE-Demo,test,PR Accepted,RandomMustUseSeed,tests/test_performance.py,93,https://github.com/ConsumrBuzzy/RogueAsteroid/pull/1
ska-sa-aiokatcp,PR,FSE-Demo,project,PR Pending,RandomMustUseSeed,src/aiokatcp/client.py,420,https://github.com/ska-sa/aiokatcp/pull/110
myhdl-myhdl,PR,FSE-Demo,test,PR Accepted,RandomMustUseSeed,example/arith_lib/test_Dec.py,40,https://github.com/myhdl/myhdl/pull/454
AliAkhtari78-SpotifyScraper,PR,FSE-Demo,project,False Alarm,Requests_MustCloseSession,pythonmop/pymop-startup-helper/sitecustomize.py,1901,
MattParr-python-atws,PR,FSE-Demo,project,PR Pending,Requests_MustCloseSession,pythonmop/pymop-startup-helper/sitecustomize.py,1877,https://github.com/MattParr/python-atws/pull/91
OnroerendErfgoed-skosprovider_atramhasis,PR,FSE-Demo,project,PR Accepted,Requests_MustCloseSession,pythonmop/pymop-startup-helper/sitecustomize.py,1878,https://github.com/OnroerendErfgoed/skosprovider_atramhasis/pull/141
andr1an-nic-api,PR,FSE-Demo,project,PR Accepted,Requests_MustCloseSession,pythonmop/pymop-startup-helper/sitecustomize.py,1881,https://github.com/andr1an/nic-api/pull/40
Significant-Gravitas-Auto-GPT-Plugins,PR,FSE-Demo,library,False Alarm,Requests_PreparedRequestInit,requests/sessions.py,242,
EDCD-EDMarketConnector,PR,FSE-Demo,project,Already fixed before we reported,StringConcatAnalysis,config/linux.py,84,
EDCD-EDMarketConnector,PR,FSE-Demo,project,Already fixed before we reported,StringConcatAnalysis,config/linux.py,87,
SasView-sasdata,PR,FSE-Demo,project,PR Accepted,StringConcatAnalysis,sasdata/data_util/nxsunit.py,319,https://github.com/SasView/sasdata/pull/185
SasView-sasdata,PR,FSE-Demo,project,PR Accepted,StringConcatAnalysis,sasdata/dataloader/readers/cansas_reader.py,194,https://github.com/SasView/sasdata/pull/185
SigmaHQ-pySigma,PR,FSE-Demo,project,PR Accepted,StringConcatAnalysis,sigma/types.py,169,https://github.com/SigmaHQ/pySigma/pull/436
holgern-pynostr,PR,FSE-Demo,project,False Alarm,StringConcatAnalysis,pynostr/bech32.py,76,
jgressier-cfdtools,PR,FSE-Demo,project,PR Accepted,StringConcatAnalysis,cfdtools/ic3/_ic3.py,272,https://github.com/jgressier/cfdtools/pull/58
mondeja-mkdocs-include-markdown-plugin,PR,FSE-Demo,project,PR Accepted,StringConcatAnalysis,src/mkdocs_include_markdown_plugin/directive.py,162,https://github.com/mondeja/mkdocs-include-markdown-plugin/pull/288
mondeja-mkdocs-include-markdown-plugin,PR,FSE-Demo,project,PR Accepted,StringConcatAnalysis,src/mkdocs_include_markdown_plugin/directive.py,150,https://github.com/mondeja/mkdocs-include-markdown-plugin/pull/288
mondeja-mkdocs-include-markdown-plugin,PR,FSE-Demo,project,PR Accepted,StringConcatAnalysis,src/mkdocs_include_markdown_plugin/process.py,219,https://github.com/mondeja/mkdocs-include-markdown-plugin/pull/288
mondeja-mkdocs-include-markdown-plugin,PR,FSE-Demo,project,PR Accepted,StringConcatAnalysis,src/mkdocs_include_markdown_plugin/event.py,577,https://github.com/mondeja/mkdocs-include-markdown-plugin/pull/288
mondeja-mkdocs-include-markdown-plugin,PR,FSE-Demo,project,PR Accepted,StringConcatAnalysis,src/mkdocs_include_markdown_plugin/event.py,576,https://github.com/mondeja/mkdocs-include-markdown-plugin/pull/288
mondeja-mkdocs-include-markdown-plugin,PR,FSE-Demo,project,PR Accepted,StringConcatAnalysis,src/mkdocs_include_markdown_plugin/event.py,284,https://github.com/mondeja/mkdocs-include-markdown-plugin/pull/288
mondeja-mkdocs-include-markdown-plugin,PR,FSE-Demo,project,PR Accepted,StringConcatAnalysis,src/mkdocs_include_markdown_plugin/directive.py,159,https://github.com/mondeja/mkdocs-include-markdown-plugin/pull/288
mondeja-mkdocs-include-markdown-plugin,PR,FSE-Demo,project,PR Accepted,StringConcatAnalysis,src/mkdocs_include_markdown_plugin/directive.py,160,https://github.com/mondeja/mkdocs-include-markdown-plugin/pull/288
python-periodictable-periodictable,PR,FSE-Demo,project,PR Accepted,StringConcatAnalysis,periodictable/util.py,50,https://github.com/python-periodictable/periodictable/pull/112
samdmarshall-pbPlist,PR,FSE-Demo,project,False Alarm,StringConcatAnalysis,pbPlist/StrParse.py,273,
samdmarshall-pbPlist,PR,FSE-Demo,project,False Alarm,StringConcatAnalysis,pbPlist/pbItem.py,124,
samdmarshall-pbPlist,PR,FSE-Demo,project,PR Pending,StringConcatAnalysis,pbPlist/StrParse.py,354,https://github.com/samdmarshall/pbPlist/pull/13
zmap-zschema,PR,FSE-Demo,project,False Alarm,StringConcatAnalysis,zschema/keys.py,360,
DocNow-twarc-network,PR,FSE-Demo,library,False Alarm,StringConcatAnalysis,networkx/readwrite/gml.py,774,
DocNow-twarc-network,PR,FSE-Demo,library,False Alarm,StringConcatAnalysis,networkx/readwrite/gml.py,879,
JDArmy-TextWatermark,PR,FSE-Demo,library,PR Pending,StringConcatAnalysis,textwatermark/template.py,304,https://github.com/JDArmy/TextWatermark/pull/27
K0lb3-UnityPy,PR,FSE-Demo,library,False Alarm,StringConcatAnalysis,UnityPy/streams/EndianBinaryWriter.py,52,
K0lb3-UnityPy,PR,FSE-Demo,library,False Alarm,StringConcatAnalysis,UnityPy/streams/EndianBinaryWriter.py,76,
Parsely-streamparse,PR,FSE-Demo,library,False Alarm,StringConcatAnalysis,thriftpy2/parser/parser.py,423,
alvaromc317-asgl,PR,FSE-Demo,library,PR Pending,StringConcatAnalysis,numpy/_core/arrayprint.py,809,https://github.com/numpy/numpy/pull/30730
alvaromc317-asgl,PR,FSE-Demo,library,PR Pending,StringConcatAnalysis,numpy/_core/arrayprint.py,811,https://github.com/numpy/numpy/pull/30730
alvaromc317-asgl,PR,FSE-Demo,library,PR Pending,StringConcatAnalysis,numpy/_core/arrayprint.py,865,https://github.com/numpy/numpy/pull/30730
alvaromc317-asgl,PR,FSE-Demo,library,PR Pending,StringConcatAnalysis,numpy/_core/arrayprint.py,913,https://github.com/numpy/numpy/pull/30730
alvaromc317-asgl,PR,FSE-Demo,library,PR Pending,StringConcatAnalysis,numpy/_core/arrayprint.py,922,https://github.com/numpy/numpy/pull/30730
alvaromc317-asgl,PR,FSE-Demo,library,PR Pending,StringConcatAnalysis,numpy/_core/arrayprint.py,946,https://github.com/numpy/numpy/pull/30730
alvaromc317-asgl,PR,FSE-Demo,library,PR Pending,StringConcatAnalysis,numpy/_core/arrayprint.py,952,https://github.com/numpy/numpy/pull/30730
alvaromc317-asgl,PR,FSE-Demo,library,False Alarm,StringConcatAnalysis,cvxpy/utilities/performance_utils.py,65,
edgi-govdata-archiving-web-monitoring-processing,PR,FSE-Demo,library,PR Pending,StringConcatAnalysis,dateutil/parser/_parser.py,142,https://github.com/dateutil/dateutil/pull/1451
edgi-govdata-archiving-web-monitoring-processing,PR,FSE-Demo,library,PR Pending,StringConcatAnalysis,dateutil/parser/_parser.py,165,https://github.com/dateutil/dateutil/pull/1451
encypherai-encypher-ai,PR,FSE-Demo,library,False Alarm,StringConcatAnalysis,rich/syntax.py,512,
geohci-edit-types,PR,FSE-Demo,library,False Alarm,StringConcatAnalysis,mwparserfromhell/nodes/tag.py,85,
geohci-edit-types,PR,FSE-Demo,library,False Alarm,StringConcatAnalysis,mwparserfromhell/nodes/wikilink.py,46,
geohci-edit-types,PR,FSE-Demo,library,False Alarm,StringConcatAnalysis,mwparserfromhell/nodes/extras/parameter.py,52,
geohci-edit-types,PR,FSE-Demo,library,False Alarm,StringConcatAnalysis,mwparserfromhell/nodes/template.py,62,
georgesdimitrov-arvo,PR,FSE-Demo,library,False Alarm,StringConcatAnalysis,music21/prebase.py,232,
georgesdimitrov-arvo,PR,FSE-Demo,library,False Alarm,StringConcatAnalysis,music21/prebase.py,233,
georgesdimitrov-arvo,PR,FSE-Demo,library,False Alarm,StringConcatAnalysis,music21/prebase.py,240,
georgesdimitrov-arvo,PR,FSE-Demo,library,False Alarm,StringConcatAnalysis,music21/tinyNotation.py,1212,
georgesdimitrov-arvo,PR,FSE-Demo,library,False Alarm,StringConcatAnalysis,music21/prebase.py,236,
georgesdimitrov-arvo,PR,FSE-Demo,library,False Alarm,StringConcatAnalysis,music21/prebase.py,239,
hynek-environ-config,PR,FSE-Demo,library,False Alarm,StringConcatAnalysis,botocore/loaders.py,168,
icecube-TFScripts,PR,FSE-Demo,library,False Alarm,StringConcatAnalysis,tensorflow/python/framework/ops.py,6026,
intuit-mastko,PR,FSE-Demo,library,False Alarm,StringConcatAnalysis,moto/iam/utils.py,66,
lsst-ts-ts_xml,PR,FSE-Demo,library,False Alarm,StringConcatAnalysis,lsst/ts/xml/generate_subsystems_doc.py,99,
lsst-ts-ts_xml,PR,FSE-Demo,library,False Alarm,StringConcatAnalysis,lsst/ts/xml/generate_subsystems_doc.py,102,
mlederbauer-glossagen,PR,FSE-Demo,library,False Alarm,StringConcatAnalysis,_pytest/assertion/rewrite.py,264,
mondeja-mkdocs-include-markdown-plugin,PR,FSE-Demo,library,False Alarm,StringConcatAnalysis,markdown/serializers.py,170,
mondeja-mkdocs-include-markdown-plugin,PR,FSE-Demo,library,False Alarm,StringConcatAnalysis,markdown/serializers.py,138,
ombhojane-explainableai,PR,FSE-Demo,library,False Alarm,StringConcatAnalysis,dask/utils.py,888,
paulromano-endf-python,PR,FSE-Demo,library,PR Accepted,StringConcatAnalysis,endf/material.py,162,https://github.com/paulromano/endf-python/pull/30
leezythu-UCTR,PR,FSE-Demo,project,False Alarm,StringStripAnalysis,TAT-QA/tatqa/tatqa_utils.py,142,
benoitc-gunicorn,PR,FSE-Demo,library,False Alarm,StringStripAnalysis,gunicorn/http/message.py,114,
mercedes-benz-selfsupervised_flow,PR,FSE-Demo,test,PR Pending,TfFunction_NoSideEffect,unsup_flow/tf/relaxed_tf_function_test.py,16,https://github.com/mercedes-benz/selfsupervised_flow/pull/21
amaranth-lang-template-fpga,PR,FSE-Demo,library,Repo Archived,UnsafeDictIterator,jschon/vocabulary/applicator.py,374,
TAMUparametric-PPOPT,PR,FSE-Demo,library,False Alarm,UnsafeDictIterator,numba/core/ssa.py,62,
GitYCC-bert-minimal-tutorial,PR,FSE-Demo,project,False Alarm,WrongTypeAddedAnalysis,utils.py,28,
OnroerendErfgoed-skosprovider_rdf,PR,FSE-Demo,project,False Alarm,WrongTypeAddedAnalysis,skosprovider_rdf/providers.py,148,
Spico197-CatalogExtraction,PR,FSE-Demo,project,False Alarm,WrongTypeAddedAnalysis,doctree/data/convert.py,213,
dvc94ch-pykicad,PR,TSE,project,PR Accepted,FileClosedAnalysis,pykicad/pcb.py,892,https://github.com/dvc94ch/pykicad/pull/43
LeoLomardo-Projeto-Modular-24.1,PR,TSE,library,PR Pending,Pydocs_NoReadAfterAccess,project/db/database.py,22,https://github.com/LeoLomardo/Projeto-Modular-24.1/pull/2
by-cx-InvoiceGenerator,PR,TSE,project,PR Accepted,FileClosedAnalysis,InvoiceGenerator/generator.py,354,https://github.com/by-cx/InvoiceGenerator/pull/55
by-cx-InvoiceGenerator,PR,TSE,project,PR Accepted,FileClosedAnalysis,InvoiceGenerator/pdf.py,230,https://github.com/by-cx/InvoiceGenerator/pull/55
by-cx-InvoiceGenerator,PR,TSE,project,PR Accepted,FileClosedAnalysis,InvoiceGenerator/pdf.py,457,https://github.com/by-cx/InvoiceGenerator/pull/55
by-cx-InvoiceGenerator,PR,TSE,project,PR Accepted,FileClosedAnalysis,setup.py,27,https://github.com/by-cx/InvoiceGenerator/pull/55
lostcol0ny-blizzardapi3,PR,TSE,project,Already fixed before we reported,StringConcatAnalysis,blizzardapi3/core/factory.py,296,
Arivima-longest-word,PR,TSE,project,PR Pending,RandomMustUseSeed,longest_word/game.py,13,https://github.com/Arivima/longest-word/pull/5
Shounak007-Sports-Odds-Calulation,PR,TSE,project,PR Pending,RandomMustUseSeed,real_wnba_analyzer.py,163,https://github.com/Shounak007/Sports-Odds-Calulation/pull/1
neilhuang007-Dolos,PR,TSE,library,PR Pending,RandomMustUseSeed,dolos/metadata_manager.py,107,https://github.com/neilhuang007/Dolos/pull/5
bhos1242-chatbot_nlp,PR,TSE,project,PR Pending,RandomMustUseSeed,bot/retrieval.py,219,https://github.com/bhos1242/chatbot_nlp/pull/1
eliot-christon-sabOOters,PR,TSE,project,PR Pending,RandomMustUseSeed,src/core/cards/path_card.py,130,https://github.com/eliot-christon/sabOOters/pull/1
h3nnn4n-colosseum,PR,TSE,project,PR Pending,RandomMustUseSeed,colosseum/utils.py,38,https://github.com/h3nnn4n/colosseum/pull/88
meron14725-note-columns-post-bot,PR,TSE,project,PR Pending,RandomMustUseSeed,backend/app/services/evaluator.py,253,https://github.com/meron14725/note-columns-post-bot/pull/56
LeoLomardo-Projeto-Modular-24.1,PR,TSE,test,False Alarm,Pydocs_NoReadAfterAccess,tests/unit/test_db_funcs.py,53,
LeoLomardo-Projeto-Modular-24.1,PR,TSE,test,False Alarm,Pydocs_NoReadAfterAccess,tests/unit/test_db_funcs.py,61,
LeoLomardo-Projeto-Modular-24.1,PR,TSE,test,False Alarm,Pydocs_NoReadAfterAccess,tests/unit/test_db_funcs.py,102,
LeoLomardo-Projeto-Modular-24.1,PR,TSE,test,False Alarm,Pydocs_NoReadAfterAccess,tests/unit/test_db_funcs.py,110,
LeoLomardo-Projeto-Modular-24.1,PR,TSE,test,False Alarm,Pydocs_NoReadAfterAccess,tests/unit/test_db_funcs.py,146,
LeoLomardo-Projeto-Modular-24.1,PR,TSE,test,False Alarm,Pydocs_NoReadAfterAccess,tests/unit/test_db_funcs.py,153,
pkeffect-Antigravity-Architect,PR,TSE,project,False Alarm,Pydocs_NoReadAfterAccess,antigravity_master_setup.py,1304,
LeoLomardo-Projeto-Modular-24.1,PR,TSE,library,False Alarm,Pydocs_NoReadAfterAccess,project/db/database.py,8,
LeoLomardo-Projeto-Modular-24.1,PR,TSE,library,False Alarm,Pydocs_NoReadAfterAccess,project/db/database.py,43,
LeoLomardo-Projeto-Modular-24.1,PR,TSE,library,False Alarm,Pydocs_NoReadAfterAccess,project/db/database.py,100,
Cyclenerd-google-cloud-github-runner,PR,TSE,project,False Alarm,Flask_NoModifyAfterServe,app/__init__.py,26,
Cyclenerd-google-cloud-github-runner,PR,TSE,project,False Alarm,Flask_NoModifyAfterServe,app/__init__.py,29,
Cyclenerd-google-cloud-github-runner,PR,TSE,project,False Alarm,Flask_NoModifyAfterServe,app/__init__.py,30,
Cyclenerd-google-cloud-github-runner,PR,TSE,project,False Alarm,Flask_NoModifyAfterServe,app/__init__.py,33,
Cyclenerd-google-cloud-github-runner,PR,TSE,project,False Alarm,Flask_NoModifyAfterServe,app/__init__.py,34,
Cyclenerd-google-cloud-github-runner,PR,TSE,project,False Alarm,Flask_NoModifyAfterServe,app/__init__.py,35,
Cyclenerd-google-cloud-github-runner,PR,TSE,project,False Alarm,Flask_NoModifyAfterServe,app/__init__.py,36,
Cyclenerd-google-cloud-github-runner,PR,TSE,project,False Alarm,Flask_NoModifyAfterServe,app/__init__.py,37,
Cyclenerd-google-cloud-github-runner,PR,TSE,test,False Alarm,Flask_NoModifyAfterServe,tests/integration/conftest.py,16,
Cyclenerd-google-cloud-github-runner,PR,TSE,test,False Alarm,Flask_NoModifyAfterServe,tests/unit/conftest.py,16,
NinjaBitroom-teste_de_software_2024_1,PR,TSE,test,False Alarm,Flask_NoModifyAfterServe,tests/mixins/flask_app_mixin.py,22,
NinjaBitroom-teste_de_software_2024_1,PR,TSE,test,False Alarm,Flask_NoModifyAfterServe,tests/mixins/flask_app_mixin.py,23,
NinjaBitroom-teste_de_software_2024_1,PR,TSE,project,False Alarm,Flask_NoModifyAfterServe,src/utils/setup.py,32,
UtrechtUniversity-yoda-external-user-service,PR,TSE,test,False Alarm,Flask_NoModifyAfterServe,yoda_eus/tests/test_integration.py,14,
UtrechtUniversity-yoda-external-user-service,PR,TSE,test,False Alarm,Flask_NoModifyAfterServe,yoda_eus/tests/test_integration.py,15,
berlincount-cteward-st-sqlite,PR,TSE,test,False Alarm,Flask_NoModifyAfterServe,entry_subapi_test.py,18,
brentley-birthdays-to-slack,PR,TSE,test,False Alarm,Flask_NoModifyAfterServe,tests/conftest.py,14,
brentley-birthdays-to-slack,PR,TSE,test,False Alarm,Flask_NoModifyAfterServe,tests/conftest.py,15,
denuca-pptx-dictation.file.generator,PR,TSE,test,False Alarm,Flask_NoModifyAfterServe,tests/test_ppt_generator.py,11,
denuca-pptx-dictation.file.generator,PR,TSE,test,False Alarm,Flask_NoModifyAfterServe,tests/test_ppt_generator.py,12,
fifeflyer-python-flask,PR,TSE,project,False Alarm,Flask_NoModifyAfterServe,app/main.py,21,
fifeflyer-python-flask,PR,TSE,project,False Alarm,Flask_NoModifyAfterServe,app/config/loader.py,24,
jaymindesai-bootstrap-python-backend,PR,TSE,test,False Alarm,Flask_NoModifyAfterServe,tests/app/service/test_server.py,10,
SpokaneTech-SpokaneTechWeb,PR,TSE,test,False Alarm,RandomMustUseSeed,src/django_project/tests/unit/blogs/test_model_crud.py,142,
SpokaneTech-SpokaneTechWeb,PR,TSE,test,False Alarm,RandomMustUseSeed,src/django_project/tests/unit/blogs/test_model_crud.py,158,
SpokaneTech-SpokaneTechWeb,PR,TSE,test,False Alarm,RandomMustUseSeed,src/django_project/tests/unit/web/test_model_crud.py,80,
SpokaneTech-SpokaneTechWeb,PR,TSE,test,False Alarm,RandomMustUseSeed,src/django_project/tests/unit/web/test_model_crud.py,398,
WattsUp-witch-ver,PR,TSE,test,False Alarm,RandomMustUseSeed,tests/base.py,46,
WattsUp-witch-ver,PR,TSE,test,False Alarm,RandomMustUseSeed,tests/base.py,50,
WattsUp-witch-ver,PR,TSE,test,False Alarm,RandomMustUseSeed,tests/base.py,41,
XxxGHOSTX-Thalos-Prime-Directive,PR,TSE,project,False Alarm,RandomMustUseSeed,src/ai/learning/reinforcement_learner.py,79,
brown-csci0200-hw00-setup,PR,TSE,test,False Alarm,RandomMustUseSeed,test_setup.py,54,
gmontamat-gentun,PR,TSE,project,False Alarm,RandomMustUseSeed,src/gentun/genes.py,58,
gmontamat-gentun,PR,TSE,project,False Alarm,RandomMustUseSeed,src/gentun/populations.py,127,
gmontamat-gentun,PR,TSE,project,False Alarm,RandomMustUseSeed,src/gentun/algorithms.py,158,
gmontamat-gentun,PR,TSE,project,False Alarm,RandomMustUseSeed,src/gentun/algorithms.py,161,
gmontamat-gentun,PR,TSE,project,False Alarm,RandomMustUseSeed,src/gentun/algorithms.py,163,
gmontamat-gentun,PR,TSE,project,False Alarm,RandomMustUseSeed,src/gentun/genes.py,45,
gmontamat-gentun,PR,TSE,project,False Alarm,RandomMustUseSeed,src/gentun/individuals.py,160,
gmontamat-gentun,PR,TSE,project,False Alarm,RandomMustUseSeed,src/gentun/individuals.py,139,
gmontamat-gentun,PR,TSE,project,False Alarm,RandomMustUseSeed,src/gentun/genes.py,76,
gmontamat-gentun,PR,TSE,project,False Alarm,RandomMustUseSeed,src/gentun/genes.py,104,
gmontamat-gentun,PR,TSE,project,False Alarm,RandomMustUseSeed,src/gentun/genes.py,102,
gmontamat-gentun,PR,TSE,project,False Alarm,RandomMustUseSeed,src/gentun/genes.py,131,
gmontamat-gentun,PR,TSE,project,False Alarm,RandomMustUseSeed,src/gentun/genes.py,135,
juju-python-libjuju,PR,TSE,test,False Alarm,RandomMustUseSeed,tests/unit/test_status.py,24,
noahmaier17-Card-Venture-Game-Recruiter-Demo,PR,TSE,test,False Alarm,RandomMustUseSeed,tests/test_utils/game_setups.py,45,
noahmaier17-Card-Venture-Game-Recruiter-Demo,PR,TSE,test,False Alarm,RandomMustUseSeed,tests/test_utils/game_setups.py,102,
noahmaier17-Card-Venture-Game-Recruiter-Demo,PR,TSE,test,False Alarm,RandomMustUseSeed,tests/test_utils/card_tester_class.py,206,
noahmaier17-Card-Venture-Game-Recruiter-Demo,PR,TSE,test,False Alarm,RandomMustUseSeed,tests/effects/entity_effects/test_deal_damage.py,40,
noahmaier17-Card-Venture-Game-Recruiter-Demo,PR,TSE,test,False Alarm,RandomMustUseSeed,tests/effects/entity_effects/test_deal_damage.py,44,
noahmaier17-Card-Venture-Game-Recruiter-Demo,PR,TSE,test,False Alarm,RandomMustUseSeed,tests/effects/entity_effects/test_draw_cards.py,77,
noahmaier17-Card-Venture-Game-Recruiter-Demo,PR,TSE,test,False Alarm,RandomMustUseSeed,tests/effects/entity_effects/test_gain_a_copy_of_this.py,33,
noahmaier17-Card-Venture-Game-Recruiter-Demo,PR,TSE,test,False Alarm,RandomMustUseSeed,tests/effects/helper_functions/test_pick_an_enemy.py,22,
noahmaier17-Card-Venture-Game-Recruiter-Demo,PR,TSE,test,False Alarm,RandomMustUseSeed,tests/effects/helper_functions/test_pick_an_enemy.py,26,
noahmaier17-Card-Venture-Game-Recruiter-Demo,PR,TSE,test,False Alarm,RandomMustUseSeed,tests/effects/helper_functions/test_pick_an_enemy.py,45,
noahmaier17-Card-Venture-Game-Recruiter-Demo,PR,TSE,test,False Alarm,RandomMustUseSeed,tests/effects/helper_functions/test_pick_an_enemy.py,49,
powderflask-django-fmft,PR,TSE,test,False Alarm,RandomMustUseSeed,tests/test_fmft.py,67,
selobu-testpervolare,PR,TSE,project,False Alarm,RandomMustUseSeed,backend/app/tools.py,56,
selobu-testpervolare,PR,TSE,project,False Alarm,RandomMustUseSeed,backend/app/tools.py,57,
bli74-robotframework-httpx,PR,TSE,library,False Alarm,RandomMustUseSeed,HttpxLibrary/RetryKeywords.py,41,
catalystneuro-tqdm_publisher,PR,TSE,test,False Alarm,RandomMustUseSeed,tqdm_publisher/testing.py,10,
earwig-earwigbot,PR,TSE,test,False Alarm,RandomMustUseSeed,earwigbot/commands/test.py,33,
noahmaier17-Card-Venture-Game-Recruiter-Demo,PR,TSE,library,False Alarm,RandomMustUseSeed,Dinosaur_Venture/entities/enemieses.py,305,
noahmaier17-Card-Venture-Game-Recruiter-Demo,PR,TSE,library,False Alarm,RandomMustUseSeed,Dinosaur_Venture/entities/enemieses.py,57,
noahmaier17-Card-Venture-Game-Recruiter-Demo,PR,TSE,library,False Alarm,RandomMustUseSeed,Dinosaur_Venture/entities/enemieses.py,394,
noahmaier17-Card-Venture-Game-Recruiter-Demo,PR,TSE,library,False Alarm,RandomMustUseSeed,Dinosaur_Venture/cards/mechanics/card_location.py,75,
noahmaier17-Card-Venture-Game-Recruiter-Demo,PR,TSE,library,False Alarm,RandomMustUseSeed,Dinosaur_Venture/entities/entity.py,1202,
XxxGHOSTX-Thalos-Prime-Directive,PR,TSE,project,False Alarm,InvalidComparisonAnalysis,src/core/config.py,158,
XxxGHOSTX-Thalos-Prime-Directive,PR,TSE,project,False Alarm,InvalidComparisonAnalysis,src/core/config.py,160,
XxxGHOSTX-Thalos-Prime-Directive,PR,TSE,project,False Alarm,InvalidComparisonAnalysis,src/core/config.py,162,
XxxGHOSTX-Thalos-Prime-Directive,PR,TSE,project,False Alarm,InvalidComparisonAnalysis,src/core/config.py,164,
apimatic-core-lib-python,PR,TSE,project,False Alarm,InvalidComparisonAnalysis,apimatic_core/utilities/comparison_helper.py,57,
apimatic-core-lib-python,PR,TSE,project,False Alarm,InvalidComparisonAnalysis,apimatic_core/utilities/comparison_helper.py,68,
apimatic-core-lib-python,PR,TSE,project,False Alarm,InvalidComparisonAnalysis,apimatic_core/utilities/comparison_helper.py,67,
apimatic-core-lib-python,PR,TSE,project,False Alarm,InvalidComparisonAnalysis,apimatic_core/utilities/comparison_helper.py,58,
apimatic-core-lib-python,PR,TSE,project,False Alarm,InvalidComparisonAnalysis,apimatic_core/utilities/comparison_helper.py,63,
davidatwoodhunt-learning-public,PR,TSE,project,False Alarm,InvalidComparisonAnalysis,leetcode/dynamic_programming/coin_change.py,18,
davidatwoodhunt-learning-public,PR,TSE,project,False Alarm,InvalidComparisonAnalysis,leetcode/sliding_window/minimum_size_subarray_sum.py,29,
neulab-compare-mt,PR,TSE,project,False Alarm,InvalidComparisonAnalysis,compare_mt/compare_mt_main.py,55,
neulab-compare-mt,PR,TSE,project,False Alarm,InvalidComparisonAnalysis,compare_mt/compare_mt_main.py,124,
neulab-compare-mt,PR,TSE,project,False Alarm,InvalidComparisonAnalysis,compare_mt/compare_mt_main.py,126,
neulab-compare-mt,PR,TSE,project,False Alarm,InvalidComparisonAnalysis,compare_mt/compare_mt_main.py,129,
neulab-compare-mt,PR,TSE,project,False Alarm,InvalidComparisonAnalysis,compare_mt/bucketers.py,782,
neulab-compare-mt,PR,TSE,project,False Alarm,InvalidComparisonAnalysis,compare_mt/compare_mt_main.py,218,
neulab-compare-mt,PR,TSE,project,False Alarm,InvalidComparisonAnalysis,compare_mt/compare_mt_main.py,220,
neulab-compare-mt,PR,TSE,project,False Alarm,InvalidComparisonAnalysis,compare_mt/compare_mt_main.py,227,
neulab-compare-mt,PR,TSE,project,False Alarm,InvalidComparisonAnalysis,compare_mt/compare_mt_main.py,304,
neulab-compare-mt,PR,TSE,project,False Alarm,InvalidComparisonAnalysis,compare_mt/compare_mt_main.py,306,
neulab-compare-mt,PR,TSE,project,False Alarm,InvalidComparisonAnalysis,compare_mt/bucketers.py,811,
neulab-compare-mt,PR,TSE,project,False Alarm,InvalidComparisonAnalysis,compare_mt/compare_mt_main.py,411,
neulab-compare-mt,PR,TSE,project,False Alarm,InvalidComparisonAnalysis,compare_mt/compare_mt_main.py,412,
neulab-compare-mt,PR,TSE,project,False Alarm,InvalidComparisonAnalysis,compare_mt/compare_mt_main.py,420,
neulab-compare-mt,PR,TSE,project,False Alarm,InvalidComparisonAnalysis,compare_mt/compare_mt_main.py,432,
neulab-compare-mt,PR,TSE,project,False Alarm,InvalidComparisonAnalysis,compare_mt/compare_mt_main.py,436,
neulab-compare-mt,PR,TSE,project,False Alarm,InvalidComparisonAnalysis,compare_mt/compare_mt_main.py,497,
pytorn-pytorn,PR,TSE,project,False Alarm,InvalidComparisonAnalysis,torn/api/route.py,70,
pytorn-pytorn,PR,TSE,project,False Alarm,InvalidComparisonAnalysis,torn/api/route.py,74,
repole-drowsy,PR,TSE,project,False Alarm,InvalidComparisonAnalysis,drowsy/query_builder.py,1332,
repole-drowsy,PR,TSE,project,False Alarm,InvalidComparisonAnalysis,drowsy/query_builder.py,1348,
bli74-robotframework-httpx,PR,TSE,test,PR Pending,StringConcatAnalysis,utests/test_log.py,133,https://github.com/bli74/robotframework-httpx/pull/4
bli74-robotframework-httpx,PR,TSE,test,PR Pending,StringConcatAnalysis,utests/test_log.py,143,https://github.com/bli74/robotframework-httpx/pull/4
bli74-robotframework-httpx,PR,TSE,test,PR Pending,StringConcatAnalysis,utests/test_log.py,153,https://github.com/bli74/robotframework-httpx/pull/4
neulab-compare-mt,PR,TSE,project,PR Pending,StringConcatAnalysis,compare_mt/align_utils.py,11,https://github.com/neulab/compare-mt/pull/135
neulab-compare-mt,PR,TSE,project,PR Pending,StringConcatAnalysis,compare_mt/align_utils.py,59,https://github.com/neulab/compare-mt/pull/135
neulab-compare-mt,PR,TSE,project,PR Pending,StringConcatAnalysis,compare_mt/align_utils.py,53,https://github.com/neulab/compare-mt/pull/135
repole-drowsy,PR,TSE,project,PR Pending,StringConcatAnalysis,drowsy/fields.py,412,https://github.com/repole/drowsy/pull/14
repole-drowsy,PR,TSE,project,PR Pending,StringConcatAnalysis,drowsy/fields.py,416,https://github.com/repole/drowsy/pull/14
repole-drowsy,PR,TSE,project,PR Pending,StringConcatAnalysis,drowsy/fields.py,38,https://github.com/repole/drowsy/pull/14
repole-drowsy,PR,TSE,project,PR Pending,StringConcatAnalysis,drowsy/fields.py,36,https://github.com/repole/drowsy/pull/14
Bynder-bynder-python-sdk,PR,TSE,project,PR Pending,RandomMustUseSeed,bynder_sdk/oauth2.py,25,https://github.com/Bynder/bynder-python-sdk/pull/56
IAmSoThirsty-Thirstys_Game-Studio,PR,TSE,project,PR Pending,RandomMustUseSeed,app/survival_shooter/systems.py,91,https://github.com/IAmSoThirsty/Thirstys_Game-Studio/pull/12
IAmSoThirsty-Thirstys_Game-Studio,PR,TSE,project,PR Pending,RandomMustUseSeed,app/survival_shooter/systems.py,128,https://github.com/IAmSoThirsty/Thirstys_Game-Studio/pull/12
IAmSoThirsty-Thirstys_Game-Studio,PR,TSE,project,PR Pending,RandomMustUseSeed,app/survival_shooter/systems.py,129,https://github.com/IAmSoThirsty/Thirstys_Game-Studio/pull/12
Shounak007-Sports-Odds-Calulation,PR,TSE,project,PR Pending,RandomMustUseSeed,real_wnba_analyzer.py,199,https://github.com/Shounak007/Sports-Odds-Calulation/pull/1
eliot-christon-sabOOters,PR,TSE,project,PR Pending,RandomMustUseSeed,src/core/cards/build_deck.py,50,https://github.com/eliot-christon/sabOOters/pull/1
eliot-christon-sabOOters,PR,TSE,project,PR Pending,RandomMustUseSeed,src/core/cards/roles.py,55,https://github.com/eliot-christon/sabOOters/pull/1
h3nnn4n-colosseum,PR,TSE,project,PR Pending,RandomMustUseSeed,colosseum/games/food_catcher/food.py,15,https://github.com/h3nnn4n/colosseum/pull/88
neilhuang007-Dolos,PR,TSE,library,PR Pending,RandomMustUseSeed,dolos/utils.py,24,https://github.com/neilhuang007/Dolos/pull/5
neilhuang007-Dolos,PR,TSE,library,PR Pending,RandomMustUseSeed,dolos/utils.py,48,https://github.com/neilhuang007/Dolos/pull/5
SigmaHQ-pySigma,PR,TSE,project,False Alarm,BuiltinAllAnalysis,sigma/processing/pipeline.py,341,
SigmaHQ-pySigma,PR,TSE,project,False Alarm,BuiltinAllAnalysis,sigma/filters.py,176,
hmrc-policyexplorer,PR,TSE,project,False Alarm,BuiltinAllAnalysis,policyexplorer/condition.py,69,
liltom-eth-llama2-webui,PR,TSE,project,False Alarm,BuiltinAllAnalysis,llama2_wrapper/model.py,721,
mutwo-org-mutwo.core,PR,TSE,project,False Alarm,BuiltinAllAnalysis,mutwo/core_events/envelopes.py,185,
evil-mad-ink_extensions,PR,TSE,project,PR Pending,Console_CloseReader,ink_extensions/inkex.py,209,https://github.com/evil-mad/ink_extensions/pull/22
4Catalyzer-flask-annex,PR,TSE,test,PR Pending,FileClosedAnalysis,tests/helpers.py,80,https://github.com/4Catalyzer/flask-annex/pull/75
AlexRiina-checkmyreqs,PR,TSE,test,PR Pending,FileClosedAnalysis,tests/test_checkmyreqs.py,32,https://github.com/AlexRiina/checkmyreqs/pull/1
AlexRiina-checkmyreqs,PR,TSE,test,PR Pending,FileClosedAnalysis,tests/test_checkmyreqs.py,41,https://github.com/AlexRiina/checkmyreqs/pull/1
apimatic-core-lib-python,PR,TSE,test,PR Pending,FileClosedAnalysis,tests/apimatic_core/base.py,127,https://github.com/apimatic/core-lib-python/pull/132
Arcadia-Science-readlif,PR,TSE,project,Repo Archived,FileClosedAnalysis,readlif/reader.py,140,
bcwaldon-warlock,PR,TSE,test,PR Pending,FileClosedAnalysis,tests/test_core.py,266,https://github.com/bcwaldon/warlock/pull/70
bjhall-upd,PR,TSE,project,False Alarm,FileClosedAnalysis,<frozen codecs>,918,
ddoroshev-bazoola,PR,TSE,project,PR Pending,FileClosedAnalysis,bazoola/storage.py,28,https://github.com/ddoroshev/bazoola/pull/1
deepin-community-tap.py,PR,TSE,test,PR Rejected,FileClosedAnalysis,tap/tests/test_main.py,18,https://github.com/deepin-community/tap.py/pull/1
deepin-community-tap.py,PR,TSE,project,PR Rejected,FileClosedAnalysis,tap/runner.py,120,https://github.com/deepin-community/tap.py/pull/1
deepin-community-tap.py,PR,TSE,test,PR Rejected,FileClosedAnalysis,tap/tests/test_result.py,34,https://github.com/deepin-community/tap.py/pull/1
developmentseed-stac-fastapi-html-middleware,PR,TSE,test,PR Pending,FileClosedAnalysis,tests/test_middleware.py,18,https://github.com/developmentseed/stac-fastapi-html-middleware/pull/15
developmentseed-stac-fastapi-html-middleware,PR,TSE,test,PR Pending,FileClosedAnalysis,tests/test_middleware.py,19,https://github.com/developmentseed/stac-fastapi-html-middleware/pull/15
developmentseed-stac-fastapi-html-middleware,PR,TSE,test,PR Pending,FileClosedAnalysis,tests/test_middleware.py,20,https://github.com/developmentseed/stac-fastapi-html-middleware/pull/15
developmentseed-stac-fastapi-html-middleware,PR,TSE,test,PR Pending,FileClosedAnalysis,tests/test_middleware.py,21,https://github.com/developmentseed/stac-fastapi-html-middleware/pull/15
developmentseed-stac-fastapi-html-middleware,PR,TSE,test,PR Pending,FileClosedAnalysis,tests/test_middleware.py,22,https://github.com/developmentseed/stac-fastapi-html-middleware/pull/15
developmentseed-stac-fastapi-html-middleware,PR,TSE,test,PR Pending,FileClosedAnalysis,tests/test_middleware.py,23,https://github.com/developmentseed/stac-fastapi-html-middleware/pull/15
developmentseed-stac-fastapi-html-middleware,PR,TSE,test,PR Pending,FileClosedAnalysis,tests/test_middleware.py,25,https://github.com/developmentseed/stac-fastapi-html-middleware/pull/15
4Catalyzer-flask-annex,PR,TSE,test,False Alarm,Flask_NoModifyAfterServe,tests/conftest.py,10,
bgottlob-app-sec-assignment2,PR,TSE,test,False Alarm,Flask_NoModifyAfterServe,tests/conftest.py,11,
choosehappy-TraitHorizon,PR,TSE,test,False Alarm,Flask_NoModifyAfterServe,traithorizon/tests/conftest.py,11,
deepin-community-httpbin,PR,TSE,test,False Alarm,Flask_NoModifyAfterServe,tests/test_httpbin.py,113,
dsteinberger-scrapddl,PR,TSE,test,False Alarm,Flask_NoModifyAfterServe,scrapddl/tests/test_routes.py,15,
RMSantista-VibeCForms,PR,TSE,project,False Alarm,Flask_NoModifyAfterServe,src/VibeCForms.py,113,
RMSantista-VibeCForms,PR,TSE,project,False Alarm,Flask_NoModifyAfterServe,src/VibeCForms.py,114,
RMSantista-VibeCForms,PR,TSE,project,False Alarm,Flask_NoModifyAfterServe,src/VibeCForms.py,115,
RMSantista-VibeCForms,PR,TSE,project,False Alarm,Flask_NoModifyAfterServe,src/VibeCForms.py,116,
RMSantista-VibeCForms,PR,TSE,project,False Alarm,Flask_NoModifyAfterServe,src/VibeCForms.py,117,
RMSantista-VibeCForms,PR,TSE,project,False Alarm,Flask_NoModifyAfterServe,src/VibeCForms.py,118,
RMSantista-VibeCForms,PR,TSE,project,False Alarm,Flask_NoModifyAfterServe,src/VibeCForms.py,119,
RMSantista-VibeCForms,PR,TSE,test,False Alarm,Flask_NoModifyAfterServe,tests/test_tags_api.py,103,
SushiTee-Flask-Synapse-Token-Register,PR,TSE,test,False Alarm,Flask_NoModifyAfterServe,tests/unit/test_07_token_generation_validataion.py,109,
SushiTee-Flask-Synapse-Token-Register,PR,TSE,test,False Alarm,Flask_NoModifyAfterServe,tests/unit/test_13_routes.py,979,
SushiTee-Flask-Synapse-Token-Register,PR,TSE,test,False Alarm,Flask_NoModifyAfterServe,tests/unit/test_13_routes.py,1073,
SushiTee-Flask-Synapse-Token-Register,PR,TSE,test,False Alarm,Flask_NoModifyAfterServe,tests/unit/test_13_routes.py,1239,
SushiTee-Flask-Synapse-Token-Register,PR,TSE,test,False Alarm,Flask_NoModifyAfterServe,tests/unit/test_13_routes.py,1240,
XZANATOL-XZerver,PR,TSE,project,False Alarm,Flask_NoModifyAfterServe,XZerver/server_start.py,18,
XZANATOL-XZerver,PR,TSE,project,False Alarm,Flask_NoModifyAfterServe,XZerver/server_start.py,19,
XZANATOL-XZerver,PR,TSE,project,False Alarm,Flask_NoModifyAfterServe,XZerver/server_start.py,20,
XZANATOL-XZerver,PR,TSE,project,False Alarm,Flask_NoModifyAfterServe,XZerver/server_start.py,21,
XZANATOL-XZerver,PR,TSE,project,False Alarm,Flask_NoModifyAfterServe,XZerver/server_start.py,22,
XZANATOL-XZerver,PR,TSE,project,False Alarm,Flask_NoModifyAfterServe,XZerver/server_start.py,23,
XZANATOL-XZerver,PR,TSE,project,False Alarm,Flask_NoModifyAfterServe,XZerver/server_start.py,24,
XZANATOL-XZerver,PR,TSE,project,False Alarm,Flask_NoModifyAfterServe,XZerver/server_start.py,25,
jlopez1137-PersonalDockerizedSite,PR,TSE,test,False Alarm,Flask_NoModifyAfterServe,test_app.py,18,
jlopez1137-PersonalDockerizedSite,PR,TSE,test,False Alarm,Flask_NoModifyAfterServe,test_app.py,19,
jlopez1137-PersonalDockerizedSite,PR,TSE,test,False Alarm,Flask_NoModifyAfterServe,test_app.py,20,
jugmac00-flask-reuploaded,PR,TSE,test,False Alarm,Flask_NoModifyAfterServe,tests/test_autoserve.py,60,
jugmac00-flask-reuploaded,PR,TSE,test,False Alarm,Flask_NoModifyAfterServe,tests/test_autoserve.py,62,
jugmac00-flask-reuploaded,PR,TSE,test,False Alarm,Flask_NoModifyAfterServe,tests/test_autoserve.py,89,
jugmac00-flask-reuploaded,PR,TSE,test,False Alarm,Flask_NoModifyAfterServe,tests/test_autoserve.py,137,
jugmac00-flask-reuploaded,PR,TSE,test,False Alarm,Flask_NoModifyAfterServe,tests/test_autoserve.py,138,
jugmac00-flask-reuploaded,PR,TSE,test,False Alarm,Flask_NoModifyAfterServe,tests/test_autoserve.py,141,
jugmac00-flask-reuploaded,PR,TSE,test,False Alarm,Flask_NoModifyAfterServe,tests/test_autoserve.py,163,
jugmac00-flask-reuploaded,PR,TSE,test,False Alarm,Flask_NoModifyAfterServe,tests/test_autoserve.py,168,
jugmac00-flask-reuploaded,PR,TSE,test,False Alarm,Flask_NoModifyAfterServe,tests/test_flask_reuploaded.py,370,
pilotgab-gabriel-deel-tech-assignment,PR,TSE,test,False Alarm,Flask_NoModifyAfterServe,int_test.py,8,
pilotgab-gabriel-deel-tech-assignment,PR,TSE,test,False Alarm,Flask_NoModifyAfterServe,int_test.py,9,
py-daily-pywebguard,PR,TSE,project,False Alarm,Flask_NoModifyAfterServe,pywebguard/frameworks/_flask.py,120,
r21gh-devops-assignment,PR,TSE,test,False Alarm,Flask_NoModifyAfterServe,tests/test_app.py,7,
rafaelpadilla-telepic,PR,TSE,test,False Alarm,Flask_NoModifyAfterServe,tests/test_image_viewer.py,9,
singingwolfboy-flask-dance,PR,TSE,test,False Alarm,Flask_NoModifyAfterServe,tests/consumer/storage/test_sqla.py,68,
singingwolfboy-flask-dance,PR,TSE,test,False Alarm,Flask_NoModifyAfterServe,tests/consumer/test_oauth1.py,42,
singingwolfboy-flask-dance,PR,TSE,test,False Alarm,Flask_NoModifyAfterServe,tests/consumer/test_oauth2.py,506,
singingwolfboy-flask-dance,PR,TSE,test,False Alarm,Flask_NoModifyAfterServe,tests/contrib/test_atlassian.py,43,
singingwolfboy-flask-dance,PR,TSE,test,False Alarm,Flask_NoModifyAfterServe,tests/contrib/test_authentiq.py,61,
singingwolfboy-flask-dance,PR,TSE,test,False Alarm,Flask_NoModifyAfterServe,tests/contrib/test_azure.py,165,
singingwolfboy-flask-dance,PR,TSE,test,False Alarm,Flask_NoModifyAfterServe,tests/contrib/test_dexcom.py,40,
singingwolfboy-flask-dance,PR,TSE,test,False Alarm,Flask_NoModifyAfterServe,tests/contrib/test_digitalocean.py,56,
singingwolfboy-flask-dance,PR,TSE,test,False Alarm,Flask_NoModifyAfterServe,tests/contrib/test_digitalocean.py,57,
singingwolfboy-flask-dance,PR,TSE,test,False Alarm,Flask_NoModifyAfterServe,tests/contrib/test_discord.py,80,
singingwolfboy-flask-dance,PR,TSE,test,False Alarm,Flask_NoModifyAfterServe,tests/contrib/test_discord.py,81,
singingwolfboy-flask-dance,PR,TSE,test,False Alarm,Flask_NoModifyAfterServe,tests/contrib/test_dropbox.py,37,
singingwolfboy-flask-dance,PR,TSE,test,False Alarm,Flask_NoModifyAfterServe,tests/contrib/test_facebook.py,41,
singingwolfboy-flask-dance,PR,TSE,test,False Alarm,Flask_NoModifyAfterServe,tests/contrib/test_fitbit.py,41,
singingwolfboy-flask-dance,PR,TSE,test,False Alarm,Flask_NoModifyAfterServe,tests/contrib/test_github.py,41,
singingwolfboy-flask-dance,PR,TSE,test,False Alarm,Flask_NoModifyAfterServe,tests/contrib/test_gitlab.py,17,
singingwolfboy-flask-dance,PR,TSE,test,False Alarm,Flask_NoModifyAfterServe,tests/contrib/test_gitlab.py,60,
singingwolfboy-flask-dance,PR,TSE,test,False Alarm,Flask_NoModifyAfterServe,tests/contrib/test_google.py,43,
singingwolfboy-flask-dance,PR,TSE,test,False Alarm,Flask_NoModifyAfterServe,tests/contrib/test_google.py,44,
singingwolfboy-flask-dance,PR,TSE,test,False Alarm,Flask_NoModifyAfterServe,tests/contrib/test_heroku.py,41,
singingwolfboy-flask-dance,PR,TSE,test,False Alarm,Flask_NoModifyAfterServe,tests/contrib/test_jira.py,100,
singingwolfboy-flask-dance,PR,TSE,test,False Alarm,Flask_NoModifyAfterServe,tests/contrib/test_jira.py,101,
singingwolfboy-flask-dance,PR,TSE,test,False Alarm,Flask_NoModifyAfterServe,tests/contrib/test_linkedin.py,44,
singingwolfboy-flask-dance,PR,TSE,test,False Alarm,Flask_NoModifyAfterServe,tests/contrib/test_meetup.py,39,
singingwolfboy-flask-dance,PR,TSE,test,False Alarm,Flask_NoModifyAfterServe,tests/contrib/test_nylas.py,41,
singingwolfboy-flask-dance,PR,TSE,test,False Alarm,Flask_NoModifyAfterServe,tests/contrib/test_nylas.py,42,
singingwolfboy-flask-dance,PR,TSE,test,False Alarm,Flask_NoModifyAfterServe,tests/contrib/test_orcid.py,58,
singingwolfboy-flask-dance,PR,TSE,test,False Alarm,Flask_NoModifyAfterServe,tests/contrib/test_osm.py,41,
singingwolfboy-flask-dance,PR,TSE,test,False Alarm,Flask_NoModifyAfterServe,tests/contrib/test_reddit.py,58,
singingwolfboy-flask-dance,PR,TSE,test,False Alarm,Flask_NoModifyAfterServe,tests/contrib/test_reddit.py,59,
singingwolfboy-flask-dance,PR,TSE,test,False Alarm,Flask_NoModifyAfterServe,tests/contrib/test_salesforce.py,93,
singingwolfboy-flask-dance,PR,TSE,test,False Alarm,Flask_NoModifyAfterServe,tests/contrib/test_salesforce.py,94,
singingwolfboy-flask-dance,PR,TSE,test,False Alarm,Flask_NoModifyAfterServe,tests/contrib/test_slack.py,58,
singingwolfboy-flask-dance,PR,TSE,test,False Alarm,Flask_NoModifyAfterServe,tests/contrib/test_slack.py,59,
singingwolfboy-flask-dance,PR,TSE,test,False Alarm,Flask_NoModifyAfterServe,tests/contrib/test_spotify.py,43,
singingwolfboy-flask-dance,PR,TSE,test,False Alarm,Flask_NoModifyAfterServe,tests/contrib/test_spotify.py,44,
singingwolfboy-flask-dance,PR,TSE,test,False Alarm,Flask_NoModifyAfterServe,tests/contrib/test_strava.py,42,
singingwolfboy-flask-dance,PR,TSE,test,False Alarm,Flask_NoModifyAfterServe,tests/contrib/test_strava.py,43,
singingwolfboy-flask-dance,PR,TSE,test,False Alarm,Flask_NoModifyAfterServe,tests/contrib/test_twitch.py,49,
singingwolfboy-flask-dance,PR,TSE,test,False Alarm,Flask_NoModifyAfterServe,tests/contrib/test_twitch.py,50,
singingwolfboy-flask-dance,PR,TSE,test,False Alarm,Flask_NoModifyAfterServe,tests/contrib/test_zoho.py,37,
singingwolfboy-flask-dance,PR,TSE,test,False Alarm,Flask_NoModifyAfterServe,tests/contrib/test_zoho.py,38,
smokehubde-tsb,PR,TSE,project,False Alarm,Flask_NoModifyAfterServe,db.py,82,
smokehubde-tsb,PR,TSE,project,False Alarm,Flask_NoModifyAfterServe,db.py,83,
smokehubde-tsb,PR,TSE,project,False Alarm,Flask_NoModifyAfterServe,admin_app.py,41,
smokehubde-tsb,PR,TSE,project,False Alarm,Flask_NoModifyAfterServe,admin_app.py,44,
smokehubde-tsb,PR,TSE,project,False Alarm,Flask_NoModifyAfterServe,admin_app.py,46,
sudo-kraken-authentik-webfinger-proxy,PR,TSE,test,False Alarm,Flask_NoModifyAfterServe,tests/test_app.py,33,
sujeetkv-flaskcode,PR,TSE,test,False Alarm,Flask_NoModifyAfterServe,tests/conftest.py,61,
sujeetkv-flaskcode,PR,TSE,test,False Alarm,Flask_NoModifyAfterServe,tests/conftest.py,62,
turris-cz-sentinel-cert-api,PR,TSE,test,False Alarm,Flask_NoModifyAfterServe,tests/client/conftest.py,22,
turris-cz-sentinel-cert-api,PR,TSE,test,False Alarm,Flask_NoModifyAfterServe,tests/client/conftest.py,14,
turris-cz-sentinel-cert-api,PR,TSE,test,False Alarm,Flask_NoModifyAfterServe,tests/client/conftest.py,15,
w-osilva-quorum_app_python,PR,TSE,project,False Alarm,Flask_NoModifyAfterServe,app/__init__.py,24,
w-osilva-quorum_app_python,PR,TSE,project,False Alarm,Flask_NoModifyAfterServe,app/__init__.py,28,
w-osilva-quorum_app_python,PR,TSE,test,False Alarm,Flask_NoModifyAfterServe,tests/conftest.py,43,
waterfall-project-wfp-guardian,PR,TSE,project,False Alarm,Flask_NoModifyAfterServe,app/__init__.py,108,
waterfall-project-wfp-guardian,PR,TSE,project,False Alarm,Flask_NoModifyAfterServe,app/__init__.py,111,
waterfall-project-wfp-guardian,PR,TSE,test,False Alarm,Flask_NoModifyAfterServe,tests/unit/resources/test_config_serialization.py,121,
waterfall-project-wfp-guardian,PR,TSE,test,False Alarm,Flask_NoModifyAfterServe,tests/unit/resources/test_ready.py,117,
waterfall-project-wfp-guardian,PR,TSE,test,False Alarm,Flask_NoModifyAfterServe,tests/unit/resources/test_ready.py,118,
waterfall-project-wfp-guardian,PR,TSE,test,False Alarm,Flask_NoModifyAfterServe,tests/unit/resources/test_ready.py,143,
waterfall-project-wfp-guardian,PR,TSE,test,False Alarm,Flask_NoModifyAfterServe,tests/unit/resources/test_ready.py,144,
waterfall-project-wfp-guardian,PR,TSE,test,False Alarm,Flask_NoModifyAfterServe,tests/unit/resources/test_ready.py,180,
waterfall-project-wfp-guardian,PR,TSE,test,False Alarm,Flask_NoModifyAfterServe,tests/unit/resources/test_ready.py,181,
waterfall-project-wfp-guardian,PR,TSE,test,False Alarm,Flask_NoModifyAfterServe,tests/unit/resources/test_ready.py,204,
waterfall-project-wfp-guardian,PR,TSE,test,False Alarm,Flask_NoModifyAfterServe,tests/unit/resources/test_ready.py,205,
waterfall-project-wfp-guardian,PR,TSE,test,False Alarm,Flask_NoModifyAfterServe,tests/unit/resources/test_ready.py,230,
waterfall-project-wfp-guardian,PR,TSE,test,False Alarm,Flask_NoModifyAfterServe,tests/unit/resources/test_ready.py,231,
waterfall-project-wfp-guardian,PR,TSE,test,False Alarm,Flask_NoModifyAfterServe,tests/unit/resources/test_ready.py,254,
waterfall-project-wfp-guardian,PR,TSE,test,False Alarm,Flask_NoModifyAfterServe,tests/unit/resources/test_ready.py,255,
waterfall-project-wfp-guardian,PR,TSE,test,False Alarm,Flask_NoModifyAfterServe,tests/unit/test_app_init.py,12,
waterfall-project-wfp-guardian,PR,TSE,test,False Alarm,Flask_NoModifyAfterServe,tests/unit/test_app_init.py,13,
waterfall-project-wfp-guardian,PR,TSE,test,False Alarm,Flask_NoModifyAfterServe,tests/unit/test_app_init.py,14,
waterfall-project-wfp-guardian,PR,TSE,test,False Alarm,Flask_NoModifyAfterServe,tests/unit/test_app_init.py,51,
waterfall-project-wfp-guardian,PR,TSE,test,False Alarm,Flask_NoModifyAfterServe,tests/unit/test_app_init.py,52,
waterfall-project-wfp-guardian,PR,TSE,test,False Alarm,Flask_NoModifyAfterServe,tests/unit/test_app_init.py,53,
waterfall-project-wfp-guardian,PR,TSE,test,False Alarm,Flask_NoModifyAfterServe,tests/unit/test_config_serialization.py,121,
waterfall-project-wfp-guardian,PR,TSE,test,False Alarm,Flask_NoModifyAfterServe,tests/unit/test_error_handlers.py,75,
waterfall-project-wfp-guardian,PR,TSE,test,False Alarm,Flask_NoModifyAfterServe,tests/unit/test_error_handlers.py,96,
waterfall-project-wfp-guardian,PR,TSE,test,False Alarm,Flask_NoModifyAfterServe,tests/unit/test_guardian.py,65,
waterfall-project-wfp-guardian,PR,TSE,test,False Alarm,Flask_NoModifyAfterServe,tests/unit/test_guardian.py,151,
waterfall-project-wfp-guardian,PR,TSE,test,False Alarm,Flask_NoModifyAfterServe,tests/unit/test_guardian.py,198,
waterfall-project-wfp-guardian,PR,TSE,test,False Alarm,Flask_NoModifyAfterServe,tests/unit/test_identity_client.py,23,
waterfall-project-wfp-guardian,PR,TSE,test,False Alarm,Flask_NoModifyAfterServe,tests/unit/test_identity_client.py,24,
waterfall-project-wfp-guardian,PR,TSE,test,False Alarm,Flask_NoModifyAfterServe,tests/unit/test_jwt_utils.py,32,
waterfall-project-wfp-guardian,PR,TSE,test,False Alarm,Flask_NoModifyAfterServe,tests/unit/test_jwt_utils.py,33,
waterfall-project-wfp-guardian,PR,TSE,test,False Alarm,Flask_NoModifyAfterServe,tests/unit/test_jwt_utils.py,34,
waterfall-project-wfp-guardian,PR,TSE,test,False Alarm,Flask_NoModifyAfterServe,tests/unit/test_jwt_utils.py,35,
waterfall-project-wfp-guardian,PR,TSE,test,False Alarm,Flask_NoModifyAfterServe,tests/unit/test_jwt_utils.py,36,
waterfall-project-wfp-guardian,PR,TSE,test,False Alarm,Flask_NoModifyAfterServe,tests/unit/test_jwt_utils.py,260,
waterfall-project-wfp-guardian,PR,TSE,test,False Alarm,Flask_NoModifyAfterServe,tests/unit/test_jwt_utils.py,278,
waterfall-project-wfp-guardian,PR,TSE,test,False Alarm,Flask_NoModifyAfterServe,tests/unit/test_jwt_utils.py,443,
waterfall-project-wfp-guardian,PR,TSE,test,False Alarm,Flask_NoModifyAfterServe,tests/unit/test_jwt_utils.py,455,
waterfall-project-wfp-guardian,PR,TSE,test,False Alarm,Flask_NoModifyAfterServe,tests/unit/test_jwt_utils.py,479,
waterfall-project-wfp-guardian,PR,TSE,test,False Alarm,Flask_NoModifyAfterServe,tests/unit/test_jwt_utils.py,514,
waterfall-project-wfp-guardian,PR,TSE,test,False Alarm,Flask_NoModifyAfterServe,tests/unit/test_jwt_utils.py,550,
waterfall-project-wfp-guardian,PR,TSE,test,False Alarm,Flask_NoModifyAfterServe,tests/unit/test_jwt_utils.py,582,
waterfall-project-wfp-guardian,PR,TSE,test,False Alarm,Flask_NoModifyAfterServe,tests/unit/test_jwt_utils.py,583,
winter18j-New-folder,PR,TSE,test,False Alarm,Flask_NoModifyAfterServe,tests/test_api.py,14,
xaris96-Mars-Mission,PR,TSE,test,False Alarm,Flask_NoModifyAfterServe,test_app.py,13,
xaris96-Mars-Mission,PR,TSE,test,False Alarm,Flask_NoModifyAfterServe,test_app.py,14,
rossumai-docile,PR,TSE,project,False Alarm,InPlaceSortAnalysis,docile/evaluation/pcc.py,32,
uberfastman-fantasy-football-metrics-weekly-report,PR,TSE,project,PR Pending,InPlaceSortAnalysis,ffmwr/features/bad_boy.py,221,https://github.com/uberfastman/fantasy-football-metrics-weekly-report/pull/240
uberfastman-fantasy-football-metrics-weekly-report,PR,TSE,project,False Alarm,InPlaceSortAnalysis,ffmwr/features/beef.py,160,
andrianllmm-tagalog-stemmer,PR,TSE,test,PR Accepted,ItemInList,tests/accuracy/test_stemmer_accuracy.py,44,https://github.com/andrianllmm/tagalog-stemmer/pull/1
ApeWorX-ape-bsc,PR,TSE,test,PR Pending,ItemInList,tests/test_integration.py,44,https://github.com/ApeWorX/ape-bsc/pull/35
code-refactor-query_language_interpreter_legal_discovery_specialist,PR,TSE,test,PR Pending,ItemInList,tests/test_document_analysis/test_proximity.py,50,https://github.com/code-refactor/query_language_interpreter_legal_discovery_specialist/pull/1
Kensuke-Mitsuzawa-flexible_clustering_tree,PR,TSE,test,PR Accepted,ItemInList,tests/test_base_clustering.py,79,https://github.com/Kensuke-Mitsuzawa/flexible_clustering_tree/pull/10
LinXueyuanStdio-TFLEX,PR,TSE,project,False Alarm,ItemInList,expression/symbol.py,481,
LinXueyuanStdio-TFLEX,PR,TSE,project,False Alarm,ItemInList,expression/symbol.py,823,
TensorBFS-BPDecoderPlus,PR,TSE,project,PR Pending,ItemInList,src/bpdecoderplus/batch_osd.py,183,https://github.com/TensorBFS/BPDecoderPlus/pull/75
TensorBFS-BPDecoderPlus,PR,TSE,project,PR Pending,ItemInList,src/bpdecoderplus/batch_osd.py,117,https://github.com/TensorBFS/BPDecoderPlus/pull/75
liuyx27-TFLEX_TEST,PR,TSE,project,False Alarm,ItemInList,expression/symbol.py,481,
liuyx27-TFLEX_TEST,PR,TSE,project,False Alarm,ItemInList,expression/symbol.py,823,
eduardoklosowski-qldebugger,PR,TSE,test,PR Accepted,RandomMustUseSeed,tests/utils.py,8,https://github.com/eduardoklosowski/qldebugger/pull/54
eduardoklosowski-qldebugger,PR,TSE,test,PR Accepted,RandomMustUseSeed,tests/qldebugger/actions/test_event_source_mapping.py,34,https://github.com/eduardoklosowski/qldebugger/pull/54
eduardoklosowski-qldebugger,PR,TSE,test,PR Accepted,RandomMustUseSeed,tests/qldebugger/actions/test_event_source_mapping.py,37,https://github.com/eduardoklosowski/qldebugger/pull/54
eduardoklosowski-qldebugger,PR,TSE,test,PR Accepted,RandomMustUseSeed,tests/qldebugger/actions/test_event_source_mapping.py,38,https://github.com/eduardoklosowski/qldebugger/pull/54
eduardoklosowski-qldebugger,PR,TSE,test,PR Accepted,RandomMustUseSeed,tests/qldebugger/actions/test_event_source_mapping.py,91,https://github.com/eduardoklosowski/qldebugger/pull/54
eduardoklosowski-qldebugger,PR,TSE,test,PR Accepted,RandomMustUseSeed,tests/qldebugger/actions/test_infra.py,24,https://github.com/eduardoklosowski/qldebugger/pull/54
eduardoklosowski-qldebugger,PR,TSE,test,PR Accepted,RandomMustUseSeed,tests/qldebugger/actions/test_infra.py,42,https://github.com/eduardoklosowski/qldebugger/pull/54
eduardoklosowski-qldebugger,PR,TSE,test,PR Accepted,RandomMustUseSeed,tests/qldebugger/actions/test_infra.py,60,https://github.com/eduardoklosowski/qldebugger/pull/54
eduardoklosowski-qldebugger,PR,TSE,test,PR Accepted,RandomMustUseSeed,tests/qldebugger/actions/test_infra.py,77,https://github.com/eduardoklosowski/qldebugger/pull/54
eduardoklosowski-qldebugger,PR,TSE,test,PR Accepted,RandomMustUseSeed,tests/qldebugger/actions/test_infra.py,96,https://github.com/eduardoklosowski/qldebugger/pull/54
eduardoklosowski-qldebugger,PR,TSE,test,PR Accepted,RandomMustUseSeed,tests/qldebugger/actions/test_infra.py,112,https://github.com/eduardoklosowski/qldebugger/pull/54
eduardoklosowski-qldebugger,PR,TSE,test,PR Accepted,RandomMustUseSeed,tests/qldebugger/actions/test_infra.py,127,https://github.com/eduardoklosowski/qldebugger/pull/54
eduardoklosowski-qldebugger,PR,TSE,test,PR Accepted,RandomMustUseSeed,tests/qldebugger/actions/test_infra.py,147,https://github.com/eduardoklosowski/qldebugger/pull/54
eduardoklosowski-qldebugger,PR,TSE,test,PR Accepted,RandomMustUseSeed,tests/qldebugger/actions/test_infra.py,148,https://github.com/eduardoklosowski/qldebugger/pull/54
eduardoklosowski-qldebugger,PR,TSE,test,PR Accepted,RandomMustUseSeed,tests/qldebugger/actions/test_infra.py,211,https://github.com/eduardoklosowski/qldebugger/pull/54
eduardoklosowski-qldebugger,PR,TSE,test,PR Accepted,RandomMustUseSeed,tests/qldebugger/actions/test_infra.py,248,https://github.com/eduardoklosowski/qldebugger/pull/54
eduardoklosowski-qldebugger,PR,TSE,test,PR Accepted,RandomMustUseSeed,tests/qldebugger/actions/test_infra.py,296,https://github.com/eduardoklosowski/qldebugger/pull/54
eduardoklosowski-qldebugger,PR,TSE,test,PR Accepted,RandomMustUseSeed,tests/qldebugger/actions/test_infra.py,314,https://github.com/eduardoklosowski/qldebugger/pull/54
eduardoklosowski-qldebugger,PR,TSE,test,PR Accepted,RandomMustUseSeed,tests/qldebugger/actions/test_infra.py,316,https://github.com/eduardoklosowski/qldebugger/pull/54
eduardoklosowski-qldebugger,PR,TSE,test,PR Accepted,RandomMustUseSeed,tests/qldebugger/actions/test_infra.py,346,https://github.com/eduardoklosowski/qldebugger/pull/54
eduardoklosowski-qldebugger,PR,TSE,test,PR Accepted,RandomMustUseSeed,tests/qldebugger/actions/test_infra.py,349,https://github.com/eduardoklosowski/qldebugger/pull/54
eduardoklosowski-qldebugger,PR,TSE,test,PR Accepted,RandomMustUseSeed,tests/qldebugger/actions/test_infra.py,380,https://github.com/eduardoklosowski/qldebugger/pull/54
eduardoklosowski-qldebugger,PR,TSE,test,PR Accepted,RandomMustUseSeed,tests/qldebugger/actions/test_infra.py,412,https://github.com/eduardoklosowski/qldebugger/pull/54
eduardoklosowski-qldebugger,PR,TSE,test,PR Accepted,RandomMustUseSeed,tests/qldebugger/actions/test_infra.py,445,https://github.com/eduardoklosowski/qldebugger/pull/54
eduardoklosowski-qldebugger,PR,TSE,test,PR Accepted,RandomMustUseSeed,tests/qldebugger/actions/test_lambda_.py,78,https://github.com/eduardoklosowski/qldebugger/pull/54
eduardoklosowski-qldebugger,PR,TSE,test,PR Accepted,RandomMustUseSeed,tests/qldebugger/actions/test_message.py,20,https://github.com/eduardoklosowski/qldebugger/pull/54
eduardoklosowski-qldebugger,PR,TSE,test,PR Accepted,RandomMustUseSeed,tests/qldebugger/actions/test_message.py,40,https://github.com/eduardoklosowski/qldebugger/pull/54
eduardoklosowski-qldebugger,PR,TSE,test,PR Accepted,RandomMustUseSeed,tests/qldebugger/actions/test_message.py,46,https://github.com/eduardoklosowski/qldebugger/pull/54
eduardoklosowski-qldebugger,PR,TSE,test,PR Accepted,RandomMustUseSeed,tests/qldebugger/actions/test_message.py,83,https://github.com/eduardoklosowski/qldebugger/pull/54
eduardoklosowski-qldebugger,PR,TSE,test,PR Accepted,RandomMustUseSeed,tests/qldebugger/actions/test_message.py,84,https://github.com/eduardoklosowski/qldebugger/pull/54
eduardoklosowski-qldebugger,PR,TSE,test,PR Accepted,RandomMustUseSeed,tests/qldebugger/actions/test_message.py,88,https://github.com/eduardoklosowski/qldebugger/pull/54
eduardoklosowski-qldebugger,PR,TSE,test,PR Accepted,RandomMustUseSeed,tests/qldebugger/actions/test_message.py,110,https://github.com/eduardoklosowski/qldebugger/pull/54
eduardoklosowski-qldebugger,PR,TSE,test,PR Accepted,RandomMustUseSeed,tests/qldebugger/actions/test_message.py,111,https://github.com/eduardoklosowski/qldebugger/pull/54
eduardoklosowski-qldebugger,PR,TSE,test,PR Accepted,RandomMustUseSeed,tests/qldebugger/actions/test_message.py,139,https://github.com/eduardoklosowski/qldebugger/pull/54
eduardoklosowski-qldebugger,PR,TSE,test,PR Accepted,RandomMustUseSeed,tests/qldebugger/config/test_file_parser.py,120,https://github.com/eduardoklosowski/qldebugger/pull/54
eduardoklosowski-qldebugger,PR,TSE,test,PR Accepted,RandomMustUseSeed,tests/qldebugger/config/test_file_parser.py,133,https://github.com/eduardoklosowski/qldebugger/pull/54
eduardoklosowski-qldebugger,PR,TSE,test,PR Accepted,RandomMustUseSeed,tests/qldebugger/config/test_file_parser.py,156,https://github.com/eduardoklosowski/qldebugger/pull/54
eduardoklosowski-qldebugger,PR,TSE,test,PR Accepted,RandomMustUseSeed,tests/qldebugger/example/test_lambdas.py,15,https://github.com/eduardoklosowski/qldebugger/pull/54
eduardoklosowski-qldebugger,PR,TSE,test,PR Accepted,RandomMustUseSeed,tests/qldebugger/test_aws.py,89,https://github.com/eduardoklosowski/qldebugger/pull/54
JGrubb-open-finops-stack,PR,TSE,test,PR Pending,RandomMustUseSeed,tests/data/generate_aws_cur_data.py,288,https://github.com/JGrubb/open-finops-stack/pull/57
JGrubb-open-finops-stack,PR,TSE,test,PR Pending,RandomMustUseSeed,tests/data/generate_aws_cur_data.py,289,https://github.com/JGrubb/open-finops-stack/pull/57
JGrubb-open-finops-stack,PR,TSE,test,PR Pending,RandomMustUseSeed,tests/data/generate_aws_cur_data.py,130,https://github.com/JGrubb/open-finops-stack/pull/57
JGrubb-open-finops-stack,PR,TSE,test,PR Pending,RandomMustUseSeed,tests/data/generate_aws_cur_data.py,134,https://github.com/JGrubb/open-finops-stack/pull/57
JGrubb-open-finops-stack,PR,TSE,test,PR Pending,RandomMustUseSeed,tests/data/generate_aws_cur_data.py,141,https://github.com/JGrubb/open-finops-stack/pull/57
JGrubb-open-finops-stack,PR,TSE,test,PR Pending,RandomMustUseSeed,tests/data/generate_aws_cur_data.py,142,https://github.com/JGrubb/open-finops-stack/pull/57
JGrubb-open-finops-stack,PR,TSE,test,PR Pending,RandomMustUseSeed,tests/data/generate_aws_cur_data.py,145,https://github.com/JGrubb/open-finops-stack/pull/57
JGrubb-open-finops-stack,PR,TSE,test,PR Pending,RandomMustUseSeed,tests/data/generate_aws_cur_data.py,146,https://github.com/JGrubb/open-finops-stack/pull/57
JGrubb-open-finops-stack,PR,TSE,test,PR Pending,RandomMustUseSeed,tests/data/generate_aws_cur_data.py,147,https://github.com/JGrubb/open-finops-stack/pull/57
JGrubb-open-finops-stack,PR,TSE,test,PR Pending,RandomMustUseSeed,tests/data/generate_aws_cur_data.py,176,https://github.com/JGrubb/open-finops-stack/pull/57
JGrubb-open-finops-stack,PR,TSE,test,PR Pending,RandomMustUseSeed,tests/data/generate_aws_cur_data.py,177,https://github.com/JGrubb/open-finops-stack/pull/57
JGrubb-open-finops-stack,PR,TSE,test,PR Pending,RandomMustUseSeed,tests/data/generate_aws_cur_data.py,99,https://github.com/JGrubb/open-finops-stack/pull/57
JGrubb-open-finops-stack,PR,TSE,test,PR Pending,RandomMustUseSeed,tests/data/generate_aws_cur_data.py,116,https://github.com/JGrubb/open-finops-stack/pull/57
JGrubb-open-finops-stack,PR,TSE,test,PR Pending,RandomMustUseSeed,tests/data/generate_aws_cur_data.py,261,https://github.com/JGrubb/open-finops-stack/pull/57
JGrubb-open-finops-stack,PR,TSE,test,PR Pending,RandomMustUseSeed,tests/data/generate_aws_cur_data.py,262,https://github.com/JGrubb/open-finops-stack/pull/57
JGrubb-open-finops-stack,PR,TSE,test,PR Pending,RandomMustUseSeed,tests/data/generate_aws_cur_data.py,163,https://github.com/JGrubb/open-finops-stack/pull/57
JGrubb-open-finops-stack,PR,TSE,test,PR Pending,RandomMustUseSeed,tests/data/generate_aws_cur_data.py,165,https://github.com/JGrubb/open-finops-stack/pull/57
JGrubb-open-finops-stack,PR,TSE,test,PR Pending,RandomMustUseSeed,tests/data/generate_aws_cur_data.py,107,https://github.com/JGrubb/open-finops-stack/pull/57
JGrubb-open-finops-stack,PR,TSE,test,PR Pending,RandomMustUseSeed,tests/data/generate_aws_cur_data.py,242,https://github.com/JGrubb/open-finops-stack/pull/57
JGrubb-open-finops-stack,PR,TSE,test,PR Pending,RandomMustUseSeed,tests/data/generate_aws_cur_data.py,244,https://github.com/JGrubb/open-finops-stack/pull/57
JGrubb-open-finops-stack,PR,TSE,test,PR Pending,RandomMustUseSeed,tests/data/generate_aws_cur_data.py,245,https://github.com/JGrubb/open-finops-stack/pull/57
JGrubb-open-finops-stack,PR,TSE,test,PR Pending,RandomMustUseSeed,tests/data/generate_aws_cur_data.py,173,https://github.com/JGrubb/open-finops-stack/pull/57
JGrubb-open-finops-stack,PR,TSE,test,PR Pending,RandomMustUseSeed,tests/data/generate_aws_cur_data.py,119,https://github.com/JGrubb/open-finops-stack/pull/57
JGrubb-open-finops-stack,PR,TSE,test,PR Pending,RandomMustUseSeed,tests/data/generate_aws_cur_data.py,167,https://github.com/JGrubb/open-finops-stack/pull/57
JGrubb-open-finops-stack,PR,TSE,test,PR Pending,RandomMustUseSeed,tests/data/generate_aws_cur_data.py,110,https://github.com/JGrubb/open-finops-stack/pull/57
JGrubb-open-finops-stack,PR,TSE,test,PR Pending,RandomMustUseSeed,tests/data/generate_aws_cur_data.py,249,https://github.com/JGrubb/open-finops-stack/pull/57
JGrubb-open-finops-stack,PR,TSE,test,PR Pending,RandomMustUseSeed,tests/data/generate_aws_cur_data.py,113,https://github.com/JGrubb/open-finops-stack/pull/57
JGrubb-open-finops-stack,PR,TSE,test,PR Pending,RandomMustUseSeed,tests/data/generate_aws_cur_data.py,254,https://github.com/JGrubb/open-finops-stack/pull/57
JGrubb-open-finops-stack,PR,TSE,test,PR Pending,RandomMustUseSeed,tests/data/generate_aws_cur_data.py,256,https://github.com/JGrubb/open-finops-stack/pull/57
JGrubb-open-finops-stack,PR,TSE,test,PR Pending,RandomMustUseSeed,tests/data/generate_aws_cur_data.py,327,https://github.com/JGrubb/open-finops-stack/pull/57
JGrubb-open-finops-stack,PR,TSE,test,PR Pending,RandomMustUseSeed,tests/data/generate_sample_data.py,113,https://github.com/JGrubb/open-finops-stack/pull/57
JGrubb-open-finops-stack,PR,TSE,test,PR Pending,RandomMustUseSeed,tests/data/generate_sample_data.py,114,https://github.com/JGrubb/open-finops-stack/pull/57
JGrubb-open-finops-stack,PR,TSE,test,PR Pending,RandomMustUseSeed,tests/data/generate_sample_data.py,117,https://github.com/JGrubb/open-finops-stack/pull/57
JGrubb-open-finops-stack,PR,TSE,test,PR Pending,RandomMustUseSeed,tests/data/generate_sample_data.py,118,https://github.com/JGrubb/open-finops-stack/pull/57
JGrubb-open-finops-stack,PR,TSE,test,PR Pending,RandomMustUseSeed,tests/data/generate_sample_data.py,31,https://github.com/JGrubb/open-finops-stack/pull/57
JGrubb-open-finops-stack,PR,TSE,test,PR Pending,RandomMustUseSeed,tests/data/generate_sample_data.py,32,https://github.com/JGrubb/open-finops-stack/pull/57
JGrubb-open-finops-stack,PR,TSE,test,PR Pending,RandomMustUseSeed,tests/data/generate_sample_data.py,34,https://github.com/JGrubb/open-finops-stack/pull/57
JGrubb-open-finops-stack,PR,TSE,test,PR Pending,RandomMustUseSeed,tests/data/generate_sample_data.py,37,https://github.com/JGrubb/open-finops-stack/pull/57
JGrubb-open-finops-stack,PR,TSE,test,PR Pending,RandomMustUseSeed,tests/data/generate_sample_data.py,39,https://github.com/JGrubb/open-finops-stack/pull/57
JGrubb-open-finops-stack,PR,TSE,test,PR Pending,RandomMustUseSeed,tests/data/generate_sample_data.py,43,https://github.com/JGrubb/open-finops-stack/pull/57
JGrubb-open-finops-stack,PR,TSE,test,PR Pending,RandomMustUseSeed,tests/data/generate_sample_data.py,44,https://github.com/JGrubb/open-finops-stack/pull/57
JGrubb-open-finops-stack,PR,TSE,test,PR Pending,RandomMustUseSeed,tests/data/generate_sample_data.py,45,https://github.com/JGrubb/open-finops-stack/pull/57
JGrubb-open-finops-stack,PR,TSE,test,PR Pending,RandomMustUseSeed,tests/data/generate_sample_data.py,46,https://github.com/JGrubb/open-finops-stack/pull/57
JGrubb-open-finops-stack,PR,TSE,test,PR Pending,RandomMustUseSeed,tests/data/generate_sample_data.py,47,https://github.com/JGrubb/open-finops-stack/pull/57
JGrubb-open-finops-stack,PR,TSE,test,PR Pending,RandomMustUseSeed,tests/data/generate_sample_data.py,48,https://github.com/JGrubb/open-finops-stack/pull/57
JGrubb-open-finops-stack,PR,TSE,test,PR Pending,RandomMustUseSeed,tests/data/generate_sample_data.py,59,https://github.com/JGrubb/open-finops-stack/pull/57
JGrubb-open-finops-stack,PR,TSE,test,PR Pending,RandomMustUseSeed,tests/data/generate_sample_data.py,60,https://github.com/JGrubb/open-finops-stack/pull/57
JGrubb-open-finops-stack,PR,TSE,test,PR Pending,RandomMustUseSeed,tests/data/generate_sample_data.py,61,https://github.com/JGrubb/open-finops-stack/pull/57
JGrubb-open-finops-stack,PR,TSE,test,PR Pending,RandomMustUseSeed,tests/data/generate_sample_data.py,65,https://github.com/JGrubb/open-finops-stack/pull/57
JGrubb-open-finops-stack,PR,TSE,test,PR Pending,RandomMustUseSeed,tests/data/generate_sample_data.py,66,https://github.com/JGrubb/open-finops-stack/pull/57
JGrubb-open-finops-stack,PR,TSE,test,PR Pending,RandomMustUseSeed,tests/data/generate_sample_data.py,72,https://github.com/JGrubb/open-finops-stack/pull/57
JGrubb-open-finops-stack,PR,TSE,test,PR Pending,RandomMustUseSeed,tests/data/generate_sample_data.py,74,https://github.com/JGrubb/open-finops-stack/pull/57
JGrubb-open-finops-stack,PR,TSE,test,PR Pending,RandomMustUseSeed,tests/data/generate_sample_data.py,75,https://github.com/JGrubb/open-finops-stack/pull/57
JGrubb-open-finops-stack,PR,TSE,test,PR Pending,RandomMustUseSeed,tests/data/generate_sample_data.py,137,https://github.com/JGrubb/open-finops-stack/pull/57
rtmigo-dmk_py,PR,TSE,project,False Alarm,RandomMustUseSeed,dmk/a_utils/randoms.py,31,
rtmigo-dmk_py,PR,TSE,project,False Alarm,RandomMustUseSeed,dmk/a_utils/randoms.py,36,
rtmigo-dmk_py,PR,TSE,test,PR Pending,RandomMustUseSeed,tests/test_blob_name_group.py,87,https://github.com/rtmigo/dmk_py/pull/2
rtmigo-dmk_py,PR,TSE,test,PR Pending,RandomMustUseSeed,tests/test_blob_name_group.py,114,https://github.com/rtmigo/dmk_py/pull/2
rtmigo-dmk_py,PR,TSE,test,PR Pending,RandomMustUseSeed,tests/test_blob_name_group.py,135,https://github.com/rtmigo/dmk_py/pull/2
rtmigo-dmk_py,PR,TSE,project,False Alarm,RandomMustUseSeed,dmk/c_namegroups/content_ver.py,13,
rtmigo-dmk_py,PR,TSE,project,False Alarm,RandomMustUseSeed,dmk/c_namegroups/_update.py,160,
rtmigo-dmk_py,PR,TSE,project,False Alarm,RandomMustUseSeed,dmk/c_namegroups/_update.py,167,
rtmigo-dmk_py,PR,TSE,project,False Alarm,RandomMustUseSeed,dmk/b_storage_file/_20_blocks_rw.py,48,
rtmigo-dmk_py,PR,TSE,project,False Alarm,RandomMustUseSeed,dmk/b_storage_file/_30_storage_file.py,31,
rtmigo-dmk_py,PR,TSE,project,False Alarm,RandomMustUseSeed,dmk/b_storage_file/_30_storage_file.py,33,
rtmigo-dmk_py,PR,TSE,test,PR Pending,RandomMustUseSeed,tests/test_cli.py,74,https://github.com/rtmigo/dmk_py/pull/2
rtmigo-dmk_py,PR,TSE,test,PR Pending,RandomMustUseSeed,tests/common.py,26,https://github.com/rtmigo/dmk_py/pull/2
rtmigo-dmk_py,PR,TSE,project,False Alarm,RandomMustUseSeed,dmk/c_namegroups/content_ver.py,29,
rtmigo-dmk_py,PR,TSE,project,False Alarm,RandomMustUseSeed,dmk/c_namegroups/_update.py,31,
rtmigo-dmk_py,PR,TSE,project,False Alarm,RandomMustUseSeed,dmk/c_namegroups/_update.py,32,
rtmigo-dmk_py,PR,TSE,test,PR Pending,RandomMustUseSeed,tests/test_encdec_multipart.py,93,https://github.com/rtmigo/dmk_py/pull/2
rtmigo-dmk_py,PR,TSE,test,PR Pending,RandomMustUseSeed,tests/test_encdec_multipart.py,107,https://github.com/rtmigo/dmk_py/pull/2
rtmigo-dmk_py,PR,TSE,test,PR Pending,RandomMustUseSeed,tests/test_encdec_multipart.py,21,https://github.com/rtmigo/dmk_py/pull/2
rtmigo-dmk_py,PR,TSE,test,PR Pending,RandomMustUseSeed,tests/test_encdec_multipart.py,22,https://github.com/rtmigo/dmk_py/pull/2
rtmigo-dmk_py,PR,TSE,test,PR Pending,RandomMustUseSeed,tests/test_encdec_multipart.py,75,https://github.com/rtmigo/dmk_py/pull/2
rtmigo-dmk_py,PR,TSE,test,PR Pending,RandomMustUseSeed,tests/test_encdec_multipart.py,47,https://github.com/rtmigo/dmk_py/pull/2
rtmigo-dmk_py,PR,TSE,test,PR Pending,RandomMustUseSeed,tests/test_encrypt_part.py,140,https://github.com/rtmigo/dmk_py/pull/2
rtmigo-dmk_py,PR,TSE,test,PR Pending,RandomMustUseSeed,tests/test_encrypt_part.py,141,https://github.com/rtmigo/dmk_py/pull/2
rtmigo-dmk_py,PR,TSE,test,PR Pending,RandomMustUseSeed,tests/test_encrypt_part.py,145,https://github.com/rtmigo/dmk_py/pull/2
rtmigo-dmk_py,PR,TSE,test,PR Pending,RandomMustUseSeed,tests/test_encrypt_part.py,149,https://github.com/rtmigo/dmk_py/pull/2
rtmigo-dmk_py,PR,TSE,test,PR Pending,RandomMustUseSeed,tests/test_encrypt_part.py,153,https://github.com/rtmigo/dmk_py/pull/2
rtmigo-dmk_py,PR,TSE,test,PR Pending,RandomMustUseSeed,tests/test_encrypt_part.py,156,https://github.com/rtmigo/dmk_py/pull/2
rtmigo-dmk_py,PR,TSE,test,PR Pending,RandomMustUseSeed,tests/test_encrypt_part.py,157,https://github.com/rtmigo/dmk_py/pull/2
rtmigo-dmk_py,PR,TSE,project,False Alarm,RandomMustUseSeed,dmk/a_utils/randoms.py,76,
rtmigo-dmk_py,PR,TSE,test,PR Pending,RandomMustUseSeed,tests/test_randoms.py,19,https://github.com/rtmigo/dmk_py/pull/2
rtmigo-dmk_py,PR,TSE,project,False Alarm,RandomMustUseSeed,dmk/a_utils/randoms.py,52,
rtmigo-dmk_py,PR,TSE,test,PR Pending,RandomMustUseSeed,tests/common.py,31,https://github.com/rtmigo/dmk_py/pull/2
rtmigo-dmk_py,PR,TSE,test,PR Pending,RandomMustUseSeed,tests/common.py,22,https://github.com/rtmigo/dmk_py/pull/2
rtmigo-dmk_py,PR,TSE,test,PR Pending,RandomMustUseSeed,tests/test_thefile.py,50,https://github.com/rtmigo/dmk_py/pull/2
rtmigo-dmk_py,PR,TSE,test,PR Pending,RandomMustUseSeed,tests/test_thefile.py,53,https://github.com/rtmigo/dmk_py/pull/2
WattsUp-witch-ver,PR,TSE,test,PR Accepted,StringStripAnalysis,tests/base.py,54,https://github.com/WattsUp/witch-ver/pull/16
rezashabrang-cleaning-utils,PR,TSE,project,PR Accepted,StringStripAnalysis,cleaning_utils/clear_stop_char.py,234,https://github.com/rezashabrang/cleaning-utils/pull/1
amaranth-lang-template-fpga,PR,TSE,project,False Alarm,UnsafeDictIterator,<frozen _collections_abc>,893,
haider1998-pyvisualizer,PR,TSE,project,False Alarm,UnsafeDictIterator,pyvisualizer/visualizers/d3.py,52,
haider1998-pyvisualizer,PR,TSE,project,False Alarm,UnsafeDictIterator,pyvisualizer/visualizers/mermaid.py,50,
tech-writing-hubspot-tech-writing,PR,TSE,project,PR Accepted,FileClosedAnalysis,hubspot_tech_writing/cli.py,146,https://github.com/tech-writing/hubspot-tech-writing/pull/81
profjsb-timedomain-taxonomy,PR,TSE,project,PR Pending,FileClosedAnalysis,tdtax/__init__.py,18,https://github.com/skyportal/timedomain-taxonomy/pull/29
lurumad-ccpredis,PR,TSE,project,PR Pending,FileClosedAnalysis,pyredis/persistence.py,14,https://github.com/lurumad/ccpredis/pull/2
profjsb-timedomain-taxonomy,PR,TSE,project,PR Pending,FileClosedAnalysis,tdtax/util.py,66,https://github.com/skyportal/timedomain-taxonomy/pull/29
EmersonCosta0915-JobFunnel,PR,TSE,project,PR Pending,FileClosedAnalysis,jobfunnel/config/cli.py,303,https://github.com/EmersonCosta0915/JobFunnel/pull/1
eng-tools-sfsimodels,PR,TSE,project,Already fixed before we reported,FileClosedAnalysis,sfsimodels/sensors.py,12,
eng-tools-sfsimodels,PR,TSE,project,Already fixed before we reported,FileClosedAnalysis,sfsimodels/files.py,31,
eng-tools-sfsimodels,PR,TSE,project,Already fixed before we reported,FileClosedAnalysis,sfsimodels/files.py,36,
rheinwerk-verlag-pganonymize,PR,TSE,project,PR Accepted,FileClosedAnalysis,pganonymize/config.py,55,https://github.com/rheinwerk-verlag/pganonymize/pull/68
rileydakota-crx-analyzer,PR,TSE,project,PR Pending,FileClosedAnalysis,crx_analyzer/extension.py,54,https://github.com/rileydakota/crx-analyzer/pull/24
profjsb-timedomain-taxonomy,PR,TSE,project,PR Pending,FileClosedAnalysis,tdtax/validate.py,24,https://github.com/skyportal/timedomain-taxonomy/pull/29
omarkamali-babelvec,PR,TSE,project,PR Pending,ItemInList,src/babelvec/families.py,379,https://github.com/omarkamali/babelvec/pull/1
moritzobenauer-ProjectRaccoon,PR,TSE,project,False Alarm,NonFinitesAnalysis,project_raccoon/src/functions/standard.py,101,
Dysta-Dofutils,PR,TSE,project,False Alarm,RandomMustUseSeed,dofutils/value/color.py,103,
envoyanshu-crypto-systemwide-scenario-agent-debates-,PR,TSE,project,False Alarm,RandomMustUseSeed,src/generators/two_agent_generator.py,146,
ranmaru50-jules_test_01,PR,TSE,project,False Alarm,RandomMustUseSeed,roguelike_rpg/domain/mapgen.py,47,
ollhaa-TiraLabra,PR,TSE,project,False Alarm,RandomMustUseSeed,sovellus/src/tekoaly.py,78,
ABKorotky-random-fish,PR,TSE,project,False Alarm,RandomMustUseSeed,random_fish/scalar.py,24,
als141-openai-multiagent,PR,TSE,project,False Alarm,RandomMustUseSeed,src/game_theory/strategies.py,119,
retr0-13-FuzzingTool,PR,TSE,project,False Alarm,RandomMustUseSeed,src/fuzzingtool/conn/requesters/requester.py,208,
LuizEduardoMM-Teste_Software_Mutantes_2024_Marrano_Luiz-,PR,TSE,project,False Alarm,RandomMustUseSeed,pycpfcnpj/gen.py,17,
NemaAdarsh-Genetic-Algorithm-Solver,PR,TSE,project,False Alarm,RandomMustUseSeed,genetic_algorithm_solver.py,540,
Nekroze-impyccable,PR,TSE,project,False Alarm,RandomMustUseSeed,impyccable/generators.py,86,
imnuman-cloud-orchestrator,PR,TSE,project,False Alarm,RandomMustUseSeed,brain/adapters/runpod/mock.py,240,
envoyanshu-crypto-systemwide-scenario-agent-debates-,PR,TSE,project,False Alarm,RandomMustUseSeed,src/utils/debate_helpers.py,92,
ABKorotky-random-fish,PR,TSE,project,False Alarm,RandomMustUseSeed,random_fish/scalar.py,54,
flake-it-showflakes-framework,PR,TSE,project,False Alarm,RandomMustUseSeed,experiment.py,232,
envoyanshu-crypto-systemwide-scenario-agent-debates-,PR,TSE,project,False Alarm,RandomMustUseSeed,src/utils/debate_helpers.py,95,
bcivitcioglu-mcising,PR,TSE,project,False Alarm,RandomMustUseSeed,mcising/montecarlo.py,110,
envoyanshu-crypto-systemwide-scenario-agent-debates-,PR,TSE,project,False Alarm,RandomMustUseSeed,src/generators/two_agent_generator.py,250,
nuimarkets-nui-lambda-shared-utils,PR,TSE,project,False Alarm,RandomMustUseSeed,nui_lambda_shared_utils/error_handler.py,204,
imnuman-cloud-orchestrator,PR,TSE,project,False Alarm,RandomMustUseSeed,brain/adapters/runpod/mock.py,241,
sbliven-Crew9Bot,PR,TSE,project,False Alarm,RandomMustUseSeed,crew9bot/cards.py,135,
NemaAdarsh-Genetic-Algorithm-Solver,PR,TSE,project,False Alarm,RandomMustUseSeed,genetic_algorithm_solver.py,538,
DankGamesStudios-hacktm2018,PR,TSE,project,False Alarm,RandomMustUseSeed,server/game/grid.py,54,
DennisLent-Stratega,PR,TSE,project,False Alarm,RandomMustUseSeed,prototype/playground/utils/gamestate.py,19,
envoyanshu-crypto-systemwide-scenario-agent-debates-,PR,TSE,project,False Alarm,RandomMustUseSeed,src/utils/data_generators.py,16,
Nekroze-impyccable,PR,TSE,project,False Alarm,RandomMustUseSeed,impyccable/generators.py,94,
jordantete-OddsHarvester,PR,TSE,project,False Alarm,RandomMustUseSeed,src/oddsharvester/core/retry.py,162,
aminalaee-sqlalchemy-model-builder,PR,TSE,project,False Alarm,RandomMustUseSeed,sqlalchemy_model_builder/random_builder.py,43,
aminalaee-sqlalchemy-model-builder,PR,TSE,project,False Alarm,RandomMustUseSeed,sqlalchemy_model_builder/random_builder.py,71,
trustyai-explainability-llama-stack-provider-trustyai-fms,PR,TSE,project,False Alarm,RandomMustUseSeed,llama_stack_provider_trustyai_fms/detectors/base.py,563,
envoyanshu-crypto-systemwide-scenario-agent-debates-,PR,TSE,project,False Alarm,RandomMustUseSeed,src/generators/two_agent_generator.py,143,
aminalaee-sqlalchemy-model-builder,PR,TSE,project,False Alarm,RandomMustUseSeed,sqlalchemy_model_builder/random_builder.py,21,
envoyanshu-crypto-systemwide-scenario-agent-debates-,PR,TSE,project,False Alarm,RandomMustUseSeed,src/utils/debate_helpers.py,24,
neudecker-group-jedi,PR,TSE,project,False Alarm,RandomMustUseSeed,strainjedi/quotes.py,141,
NemaAdarsh-Genetic-Algorithm-Solver,PR,TSE,project,False Alarm,RandomMustUseSeed,genetic_algorithm_solver.py,532,
ksanjeevan-fauxgrad,PR,TSE,project,False Alarm,RandomMustUseSeed,fauxgrad/value.py,20,
AdnaneKhan-gato-x,PR,TSE,project,False Alarm,RandomMustUseSeed,gatox/attack/runner/payload_manager.py,108,
aminalaee-sqlalchemy-model-builder,PR,TSE,project,False Alarm,RandomMustUseSeed,sqlalchemy_model_builder/random_builder.py,78,
NemaAdarsh-Genetic-Algorithm-Solver,PR,TSE,project,False Alarm,RandomMustUseSeed,genetic_algorithm_solver.py,315,
smue-smue-PyLadies_Battleship,PR,TSE,project,False Alarm,RandomMustUseSeed,src/player.py,175,
DennisLent-Stratega,PR,TSE,project,False Alarm,RandomMustUseSeed,prototype/playground/utils/gamestate.py,18,
aminalaee-sqlalchemy-model-builder,PR,TSE,project,False Alarm,RandomMustUseSeed,sqlalchemy_model_builder/random_builder.py,30,
Nekroze-impyccable,PR,TSE,project,False Alarm,RandomMustUseSeed,impyccable/generators.py,54,
lanitgithub-jmeter_api,PR,TSE,project,False Alarm,RandomMustUseSeed,jmeter_api/thread_groups/free_form_arrivals_thread_group/elements.py,96,
nilkanth02-funstrings,PR,TSE,project,False Alarm,RandomMustUseSeed,funstrings/operations.py,243,
ryan258-TuckdInTerrors_MonteCarloSim,PR,TSE,project,False Alarm,RandomMustUseSeed,src/tuck_in_terrors_sim/game_logic/game_setup.py,33,
GitSolved-AgenticART,PR,TSE,project,False Alarm,RandomMustUseSeed,dojo/graders/dpo_generator.py,670,
lanitgithub-jmeter_api,PR,TSE,project,False Alarm,RandomMustUseSeed,jmeter_api/controllers/module_controller/elements.py,46,
medialab-minet,PR,TSE,project,False Alarm,RandomMustUseSeed,minet/crawl/queue.py,240,
aminalaee-sqlalchemy-model-builder,PR,TSE,project,False Alarm,RandomMustUseSeed,sqlalchemy_model_builder/random_builder.py,32,
ollhaa-TiraLabra,PR,TSE,project,False Alarm,RandomMustUseSeed,sovellus/src/markov.py,38,
lanitgithub-jmeter_api,PR,TSE,project,False Alarm,RandomMustUseSeed,jmeter_api/thread_groups/free_form_arrivals_thread_group/elements.py,94,
0x1B40-py-game,PR,TSE,project,False Alarm,RandomMustUseSeed,src/rl_space_adventure/rl_agent.py,68,
envoyanshu-crypto-systemwide-scenario-agent-debates-,PR,TSE,project,False Alarm,RandomMustUseSeed,src/generators/two_agent_generator.py,145,
NemaAdarsh-Genetic-Algorithm-Solver,PR,TSE,project,False Alarm,RandomMustUseSeed,genetic_algorithm_solver.py,369,
AdnaneKhan-gato-x,PR,TSE,project,False Alarm,RandomMustUseSeed,gatox/attack/secrets/secrets_attack.py,206,
bcivitcioglu-mcising,PR,TSE,project,False Alarm,RandomMustUseSeed,mcising/montecarlo.py,120,
DankGamesStudios-hacktm2018,PR,TSE,project,False Alarm,RandomMustUseSeed,server/game/powerups.py,150,
aminalaee-sqlalchemy-model-builder,PR,TSE,project,False Alarm,RandomMustUseSeed,sqlalchemy_model_builder/random_builder.py,34,
NemaAdarsh-Genetic-Algorithm-Solver,PR,TSE,project,False Alarm,RandomMustUseSeed,genetic_algorithm_solver.py,731,
adimus11-npi-dsw-example-actions,PR,TSE,project,False Alarm,RandomMustUseSeed,string_randomizer/randomizer.py,66,
LforLowki-MLOps-Lab2,PR,TSE,project,False Alarm,RandomMustUseSeed,lab1/logic/predictor.py,12,
envoyanshu-crypto-systemwide-scenario-agent-debates-,PR,TSE,project,False Alarm,RandomMustUseSeed,src/generators/two_agent_generator.py,274,
aminalaee-sqlalchemy-model-builder,PR,TSE,project,False Alarm,RandomMustUseSeed,sqlalchemy_model_builder/random_builder.py,12,
Nekroze-impyccable,PR,TSE,project,False Alarm,RandomMustUseSeed,impyccable/generators.py,53,
Nekroze-impyccable,PR,TSE,project,False Alarm,RandomMustUseSeed,impyccable/generators.py,77,
Nekroze-impyccable,PR,TSE,project,False Alarm,RandomMustUseSeed,impyccable/generators.py,41,
sander1988-pyIndego,PR,TSE,project,False Alarm,RandomMustUseSeed,pyIndego/helpers.py,71,
aminalaee-sqlalchemy-model-builder,PR,TSE,project,False Alarm,RandomMustUseSeed,sqlalchemy_model_builder/random_builder.py,57,
samnaveenkumaroff-znn,PR,TSE,project,False Alarm,RandomMustUseSeed,znn/nn.py,7,
sbroenne-plugin.video.nhkworldtv,PR,TSE,project,False Alarm,RandomMustUseSeed,plugin.video.nhkworldtv/lib/plugin.py,277,
knid-httpy,PR,TSE,project,False Alarm,RandomMustUseSeed,httpy/command/builder.py,42,
aminalaee-sqlalchemy-model-builder,PR,TSE,project,False Alarm,RandomMustUseSeed,sqlalchemy_model_builder/random_builder.py,79,
ranmaru50-jules_test_01,PR,TSE,project,False Alarm,RandomMustUseSeed,roguelike_rpg/domain/mapgen.py,114,
envoyanshu-crypto-systemwide-scenario-agent-debates-,PR,TSE,project,False Alarm,RandomMustUseSeed,src/generators/two_agent_generator.py,148,
ryansmccoy-entity-spine,PR,TSE,project,False Alarm,RandomMustUseSeed,src/entityspine/core/ulid.py,45,
aminalaee-sqlalchemy-model-builder,PR,TSE,project,False Alarm,RandomMustUseSeed,sqlalchemy_model_builder/random_builder.py,49,
envoyanshu-crypto-systemwide-scenario-agent-debates-,PR,TSE,project,False Alarm,RandomMustUseSeed,src/utils/debate_helpers.py,43,
AdnaneKhan-gato-x,PR,TSE,project,False Alarm,RandomMustUseSeed,gatox/workflow_parser/expression_evaluator.py,90,
lanitgithub-jmeter_api,PR,TSE,project,False Alarm,RandomMustUseSeed,jmeter_api/thread_groups/ultimate_thread_group/elements.py,61,
lanitgithub-jmeter_api,PR,TSE,project,False Alarm,RandomMustUseSeed,jmeter_api/thread_groups/ultimate_thread_group/elements.py,59,
smue-smue-PyLadies_Battleship,PR,TSE,project,False Alarm,RandomMustUseSeed,src/player.py,162,
NemaAdarsh-Genetic-Algorithm-Solver,PR,TSE,project,False Alarm,RandomMustUseSeed,genetic_algorithm_solver.py,390,
mmssajith-TextPrettify,PR,TSE,project,False Alarm,RandomMustUseSeed,textprettify/formatters/generation_formatter.py,100,
ABakos21-longest-word,PR,TSE,project,False Alarm,RandomMustUseSeed,longest_word/game.py,12,
ryan258-TuckdInTerrors_MonteCarloSim,PR,TSE,project,False Alarm,RandomMustUseSeed,src/tuck_in_terrors_sim/game_logic/turn_manager.py,252,
aminalaee-sqlalchemy-model-builder,PR,TSE,project,False Alarm,RandomMustUseSeed,sqlalchemy_model_builder/random_builder.py,29,
DennisLent-Stratega,PR,TSE,project,False Alarm,RandomMustUseSeed,prototype/playground/agents/mcts.py,49,
adimus11-npi-dsw-example-actions,PR,TSE,project,False Alarm,RandomMustUseSeed,string_randomizer/randomizer.py,34,
NemaAdarsh-Genetic-Algorithm-Solver,PR,TSE,project,False Alarm,RandomMustUseSeed,genetic_algorithm_solver.py,531,
NemaAdarsh-Genetic-Algorithm-Solver,PR,TSE,project,False Alarm,RandomMustUseSeed,genetic_algorithm_solver.py,547,
silent780-meihua-yishu,PR,TSE,project,False Alarm,RandomMustUseSeed,src/meihua/yao.py,28,
Nekroze-impyccable,PR,TSE,project,False Alarm,RandomMustUseSeed,impyccable/generators.py,105,
als141-openai-multiagent,PR,TSE,project,False Alarm,RandomMustUseSeed,src/agents/game_agents.py,235,
lanitgithub-jmeter_api,PR,TSE,project,False Alarm,RandomMustUseSeed,jmeter_api/assertions/response/elements.py,161,
peter-lucia-algorithms,PR,TSE,project,False Alarm,RandomMustUseSeed,algorithms/sorting.py,94,
ranmaru50-jules_test_01,PR,TSE,project,False Alarm,RandomMustUseSeed,roguelike_rpg/domain/mapgen.py,97,
Dysta-Dofutils,PR,TSE,project,False Alarm,RandomMustUseSeed,dofutils/value/color.py,102,
LHEEA-meshmagick,PR,TSE,project,False Alarm,StringConcatAnalysis,meshmagick/mmio.py,1751,
suddenabnormalsecrets-pasta,PR,TSE,project,PR Pending,StringConcatAnalysis,pasta/base/token_generator.py,170,https://github.com/suddenabnormalsecrets/pasta/pull/1
ServiceStack-servicestack-python,PR,TSE,project,False Alarm,StringConcatAnalysis,servicestack/utils.py,30,
barrust-pyomdbapi,PR,TSE,project,Already fixed before we reported,StringConcatAnalysis,omdb/utilities.py,18,
speedypotato-chuni-lite,PR,TSE,project,Repo Archived,StringConcatAnalysis,chunair/kicad-footprint-generator-master/KicadModTree/util/kicad_util.py,182,
deepin-community-python-xlrd,PR,TSE,project,False Alarm,StringConcatAnalysis,xlrd/formatting.py,760,
suddenabnormalsecrets-pasta,PR,TSE,project,False Alarm,StringConcatAnalysis,pasta/base/annotate.py,1678,
LHEEA-meshmagick,PR,TSE,project,False Alarm,StringConcatAnalysis,meshmagick/mmio.py,1754,
0x1B40-py-game,PR,TSE,project,False Alarm,RandomMustUseSeed,src/rl_space_adventure/rl_agent.py,69,
AdnaneKhan-gato-x,PR,TSE,project,False Alarm,RandomMustUseSeed,gatox/workflow_parser/expression_evaluator.py,92,
AdnaneKhan-gato-x,PR,TSE,project,False Alarm,RandomMustUseSeed,gatox/workflow_parser/expression_evaluator.py,103,
AdnaneKhan-gato-x,PR,TSE,project,False Alarm,RandomMustUseSeed,gatox/enumerate/ingest/ingest.py,161,
ConsumrBuzzy-RogueAsteroid,PR,TSE,project,False Alarm,RandomMustUseSeed,src/entities/asteroid.py,31,
ConsumrBuzzy-RogueAsteroid,PR,TSE,project,False Alarm,RandomMustUseSeed,src/entities/asteroid.py,32,
ConsumrBuzzy-RogueAsteroid,PR,TSE,project,False Alarm,RandomMustUseSeed,src/entities/asteroid.py,112,
ConsumrBuzzy-RogueAsteroid,PR,TSE,project,False Alarm,RandomMustUseSeed,src/entities/asteroid.py,119,
ConsumrBuzzy-RogueAsteroid,PR,TSE,project,False Alarm,RandomMustUseSeed,src/entities/asteroid.py,271,
ConsumrBuzzy-RogueAsteroid,PR,TSE,project,False Alarm,RandomMustUseSeed,src/entities/asteroid.py,272,
ConsumrBuzzy-RogueAsteroid,PR,TSE,project,False Alarm,RandomMustUseSeed,src/entities/asteroid.py,182,
ConsumrBuzzy-RogueAsteroid,PR,TSE,project,False Alarm,RandomMustUseSeed,src/entities/asteroid.py,187,
ConsumrBuzzy-RogueAsteroid,PR,TSE,project,False Alarm,RandomMustUseSeed,src/core/game.py,211,
ConsumrBuzzy-RogueAsteroid,PR,TSE,project,False Alarm,RandomMustUseSeed,src/core/game.py,212,
ConsumrBuzzy-RogueAsteroid,PR,TSE,project,False Alarm,RandomMustUseSeed,src/entities/asteroid.py,47,
ConsumrBuzzy-RogueAsteroid,PR,TSE,project,False Alarm,RandomMustUseSeed,src/entities/asteroid.py,50,
ConsumrBuzzy-RogueAsteroid,PR,TSE,project,False Alarm,RandomMustUseSeed,src/entities/asteroid.py,70,
ConsumrBuzzy-RogueAsteroid,PR,TSE,project,False Alarm,RandomMustUseSeed,src/entities/asteroid.py,71,
ConsumrBuzzy-RogueAsteroid,PR,TSE,project,False Alarm,RandomMustUseSeed,src/entities/asteroid.py,230,
ConsumrBuzzy-RogueAsteroid,PR,TSE,project,False Alarm,RandomMustUseSeed,src/entities/asteroid.py,231,
ConsumrBuzzy-RogueAsteroid,PR,TSE,project,False Alarm,RandomMustUseSeed,src/entities/asteroid.py,242,
ConsumrBuzzy-RogueAsteroid,PR,TSE,project,False Alarm,RandomMustUseSeed,src/entities/asteroid.py,243,
Domain-Connect-DomainConnectApplyZone,PR,TSE,project,PR Pending,Pydocs_NoReadAfterAccess,domainconnectzone/DomainConnectImpl.py,795,https://github.com/Domain-Connect/DomainConnectApplyZone/pull/45
DylanLRPollock-Monkey-Head-Project,PR,TSE,project,False Alarm,RandomMustUseSeed,src/huey/hardware/drivers.py,154,
EmersonCosta0915-JobFunnel,PR,TSE,project,PR Pending,InvalidComparisonAnalysis,jobfunnel/config/delay.py,48,https://github.com/EmersonCosta0915/JobFunnel/pull/2
FanFicDev-python-oil,PR,TSE,library,False Alarm,RandomMustUseSeed,oil/util.py,199,
ILIAHHne63-unet-prod,PR,TSE,project,False Alarm,RandomMustUseSeed,src/train.py,36,
ILIAHHne63-unet-prod,PR,TSE,project,False Alarm,RandomMustUseSeed,src/train.py,37,
KeshavVarad-NextMCP,PR,TSE,project,False Alarm,InvalidComparisonAnalysis,nextmcp/metrics/exporters/prometheus.py,108,
LHEEA-meshmagick,PR,TSE,project,False Alarm,StringConcatAnalysis,meshmagick/mmio.py,1753,
LHEEA-meshmagick,PR,TSE,project,False Alarm,StringConcatAnalysis,meshmagick/mmio.py,1755,
LHEEA-meshmagick,PR,TSE,project,False Alarm,StringConcatAnalysis,meshmagick/mesh_clipper.py,378,
LinXueyuanStdio-TFLEX,PR,TSE,project,PR Pending,InvalidComparisonAnalysis,expression/symbol.py,475,https://github.com/LinXueyuanStdio/TFLEX/pull/6
LinXueyuanStdio-TFLEX,PR,TSE,project,PR Pending,InvalidComparisonAnalysis,expression/symbol.py,484,https://github.com/LinXueyuanStdio/TFLEX/pull/6
LinXueyuanStdio-TFLEX,PR,TSE,project,PR Pending,InvalidComparisonAnalysis,expression/symbol.py,590,https://github.com/LinXueyuanStdio/TFLEX/pull/6
LinXueyuanStdio-TFLEX,PR,TSE,project,PR Pending,InvalidComparisonAnalysis,expression/symbol.py,748,https://github.com/LinXueyuanStdio/TFLEX/pull/6
LinXueyuanStdio-TFLEX,PR,TSE,project,PR Pending,InvalidComparisonAnalysis,expression/symbol.py,566,https://github.com/LinXueyuanStdio/TFLEX/pull/6
LinXueyuanStdio-TFLEX,PR,TSE,project,PR Pending,InvalidComparisonAnalysis,expression/symbol.py,504,https://github.com/LinXueyuanStdio/TFLEX/pull/6
LinXueyuanStdio-TFLEX,PR,TSE,project,PR Pending,InvalidComparisonAnalysis,expression/symbol.py,509,https://github.com/LinXueyuanStdio/TFLEX/pull/6
LinXueyuanStdio-TFLEX,PR,TSE,project,PR Pending,InvalidComparisonAnalysis,expression/symbol.py,485,https://github.com/LinXueyuanStdio/TFLEX/pull/6
LinXueyuanStdio-TFLEX,PR,TSE,project,PR Pending,InvalidComparisonAnalysis,expression/symbol.py,491,https://github.com/LinXueyuanStdio/TFLEX/pull/6
MaineKuehn-dengraph,PR,TSE,project,PR Rejected,InvalidComparisonAnalysis,dengraph/graphs/adjacency_graph.py,87,https://github.com/MaineKuehn/dengraph/pull/4
NemaAdarsh-Genetic-Algorithm-Solver,PR,TSE,project,False Alarm,RandomMustUseSeed,genetic_algorithm_solver.py,436,
NemaAdarsh-Genetic-Algorithm-Solver,PR,TSE,project,False Alarm,RandomMustUseSeed,genetic_algorithm_solver.py,452,
NemaAdarsh-Genetic-Algorithm-Solver,PR,TSE,project,False Alarm,RandomMustUseSeed,genetic_algorithm_solver.py,464,
NemaAdarsh-Genetic-Algorithm-Solver,PR,TSE,project,False Alarm,RandomMustUseSeed,genetic_algorithm_solver.py,465,
NemaAdarsh-Genetic-Algorithm-Solver,PR,TSE,project,False Alarm,RandomMustUseSeed,genetic_algorithm_solver.py,482,
NemaAdarsh-Genetic-Algorithm-Solver,PR,TSE,project,False Alarm,RandomMustUseSeed,genetic_algorithm_solver.py,493,
NemaAdarsh-Genetic-Algorithm-Solver,PR,TSE,project,False Alarm,RandomMustUseSeed,genetic_algorithm_solver.py,554,
NemaAdarsh-Genetic-Algorithm-Solver,PR,TSE,project,False Alarm,RandomMustUseSeed,genetic_algorithm_solver.py,411,
OhMyMndy-deezer-openapi,PR,TSE,project,False Alarm,InvalidComparisonAnalysis,openapi_client/api_client.py,456,
OhMyMndy-deezer-openapi,PR,TSE,project,False Alarm,InvalidComparisonAnalysis,openapi_client/api_client.py,458,
OhMyMndy-deezer-openapi,PR,TSE,project,False Alarm,InvalidComparisonAnalysis,openapi_client/api_client.py,460,
OhMyMndy-deezer-openapi,PR,TSE,project,False Alarm,InvalidComparisonAnalysis,openapi_client/api_client.py,462,
PaloAltoNetworks-xsoar-panos-upgrade-automation,PR,TSE,project,False Alarm,PyDocs_MustSortBeforeGroupBy,Packs/PAN_OS_Upgrade_Services/Scripts/GroupIssuesByFields/GroupIssuesByFields.py,21,
PaloAltoNetworks-xsoar-panos-upgrade-automation,PR,TSE,project,False Alarm,PyDocs_MustSortBeforeGroupBy,Packs/PAN_OS_Upgrade_Services/Scripts/GroupIssuesByFields/GroupIssuesByFields.py,23,
ServiceStack-servicestack-python,PR,TSE,project,PR Accepted,InvalidComparisonAnalysis,servicestack/clients.py,42,https://github.com/ServiceStack/servicestack-python/pull/2
ServiceStack-servicestack-python,PR,TSE,project,PR Accepted,InvalidComparisonAnalysis,servicestack/clients.py,86,https://github.com/ServiceStack/servicestack-python/pull/2
ServiceStack-servicestack-python,PR,TSE,project,PR Accepted,InvalidComparisonAnalysis,servicestack/clients.py,570,https://github.com/ServiceStack/servicestack-python/pull/2
ServiceStack-servicestack-python,PR,TSE,project,PR Accepted,InvalidComparisonAnalysis,servicestack/clients.py,581,https://github.com/ServiceStack/servicestack-python/pull/2
ServiceStack-servicestack-python,PR,TSE,project,False Alarm,StringConcatAnalysis,servicestack/utils.py,23,
Solar-network-python-crypto,PR,TSE,project,False Alarm,InvalidComparisonAnalysis,solar_crypto/transactions/builder/htlc_lock.py,44,
TAMUparametric-PPOPT,PR,TSE,project,False Alarm,RandomMustUseSeed,src/ppopt/mp_solvers/mpqp_parrallel_combinatorial.py,104,
UBC-MDS-picturepyfect,PR,TSE,project,Repo Archived,InvalidComparisonAnalysis,picturepyfect/rotate_pyfect.py,40,
UBC-MDS-picturepyfect,PR,TSE,project,Repo Archived,InvalidComparisonAnalysis,picturepyfect/rotate_pyfect.py,44,
akfamily-akshare,PR,TSE,project,False Alarm,InvalidComparisonAnalysis,akshare/utils/demjson.py,154,
akfamily-akshare,PR,TSE,project,False Alarm,InvalidComparisonAnalysis,akshare/utils/demjson.py,182,
akfamily-akshare,PR,TSE,project,False Alarm,InvalidComparisonAnalysis,akshare/utils/demjson.py,214,
akshaykmr-emailtrail,PR,TSE,project,PR Accepted,InvalidComparisonAnalysis,emailtrail/module.py,180,https://github.com/akshaykmr/emailtrail/pull/7
als141-openai-multiagent,PR,TSE,project,False Alarm,RandomMustUseSeed,src/game_theory/strategies.py,171,
als141-openai-multiagent,PR,TSE,project,False Alarm,RandomMustUseSeed,src/game_theory/strategies.py,294,
als141-openai-multiagent,PR,TSE,project,False Alarm,RandomMustUseSeed,src/game_theory/strategies.py,298,
als141-openai-multiagent,PR,TSE,project,False Alarm,RandomMustUseSeed,src/game_theory/games.py,448,
aminalaee-sqlalchemy-model-builder,PR,TSE,project,False Alarm,RandomMustUseSeed,sqlalchemy_model_builder/random_builder.py,65,
aminalaee-sqlalchemy-model-builder,PR,TSE,project,False Alarm,RandomMustUseSeed,sqlalchemy_model_builder/random_builder.py,80,
aminalaee-sqlalchemy-model-builder,PR,TSE,project,False Alarm,RandomMustUseSeed,sqlalchemy_model_builder/random_builder.py,22,
aminalaee-sqlalchemy-model-builder,PR,TSE,project,False Alarm,RandomMustUseSeed,sqlalchemy_model_builder/random_builder.py,23,
aminalaee-sqlalchemy-model-builder,PR,TSE,project,False Alarm,RandomMustUseSeed,sqlalchemy_model_builder/random_builder.py,16,
aminalaee-sqlalchemy-model-builder,PR,TSE,project,False Alarm,RandomMustUseSeed,sqlalchemy_model_builder/random_builder.py,31,
aminalaee-sqlalchemy-model-builder,PR,TSE,project,False Alarm,RandomMustUseSeed,sqlalchemy_model_builder/random_builder.py,33,
aminalaee-sqlalchemy-model-builder,PR,TSE,project,False Alarm,RandomMustUseSeed,sqlalchemy_model_builder/random_builder.py,53,
aminalaee-sqlalchemy-model-builder,PR,TSE,project,False Alarm,RandomMustUseSeed,sqlalchemy_model_builder/random_builder.py,70,
aminalaee-sqlalchemy-model-builder,PR,TSE,project,False Alarm,RandomMustUseSeed,sqlalchemy_model_builder/random_builder.py,72,
aminalaee-sqlalchemy-model-builder,PR,TSE,project,False Alarm,RandomMustUseSeed,sqlalchemy_model_builder/random_builder.py,61,
andy-maier-syslog2,PR,TSE,project,False Alarm,Pydocs_MustShutdownBeforeCloseSocket,syslog2/_syslog2.py,495,
andy-maier-syslog2,PR,TSE,project,False Alarm,Pydocs_MustShutdownBeforeCloseSocket,syslog2/_syslog2.py,546,
bastikr-boolean.py,PR,TSE,project,False Alarm,InvalidComparisonAnalysis,boolean/boolean.py,605,
bastikr-boolean.py,PR,TSE,project,False Alarm,InvalidComparisonAnalysis,boolean/boolean.py,606,
brndnmtthws-mother-of-dragons,PR,TSE,library,False Alarm,Pydocs_HTTPConnectionSendSequence,urllib3/connection.py,571,
citrusvanilla-tinyflux,PR,TSE,project,False Alarm,InvalidComparisonAnalysis,tinyflux/index.py,731,
citrusvanilla-tinyflux,PR,TSE,project,False Alarm,InvalidComparisonAnalysis,tinyflux/index.py,751,
citrusvanilla-tinyflux,PR,TSE,project,False Alarm,InvalidComparisonAnalysis,tinyflux/index.py,795,
cvele-imgc,PR,TSE,project,False Alarm,InvalidComparisonAnalysis,imgc/plugin_api.py,299,
cvele-imgc,PR,TSE,project,False Alarm,InvalidComparisonAnalysis,imgc/plugin_api.py,301,
cvele-imgc,PR,TSE,project,False Alarm,InvalidComparisonAnalysis,imgc/plugin_api.py,303,
dkotschessa-faker_airtravel,PR,TSE,project,False Alarm,RandomMustUseSeed,faker_airtravel/airports.py,26,
dkotschessa-faker_airtravel,PR,TSE,project,False Alarm,RandomMustUseSeed,faker_airtravel/airports.py,43,
dkotschessa-faker_airtravel,PR,TSE,project,False Alarm,RandomMustUseSeed,faker_airtravel/airports.py,52,
dkotschessa-faker_airtravel,PR,TSE,project,False Alarm,RandomMustUseSeed,faker_airtravel/airports.py,53,
dkotschessa-faker_airtravel,PR,TSE,project,False Alarm,RandomMustUseSeed,faker_airtravel/airports.py,54,
dvc94ch-pykicad,PR,TSE,project,PR Pending,InvalidComparisonAnalysis,pykicad/sexpr.py,143,https://github.com/dvc94ch/pykicad/pull/44
dvc94ch-pykicad,PR,TSE,project,PR Pending,InvalidComparisonAnalysis,pykicad/sexpr.py,225,https://github.com/dvc94ch/pykicad/pull/44
dvc94ch-pykicad,PR,TSE,project,PR Pending,InvalidComparisonAnalysis,pykicad/sexpr.py,233,https://github.com/dvc94ch/pykicad/pull/44
envoyanshu-crypto-systemwide-scenario-agent-debates-,PR,TSE,project,False Alarm,RandomMustUseSeed,src/generators/two_agent_generator.py,70,
envoyanshu-crypto-systemwide-scenario-agent-debates-,PR,TSE,project,False Alarm,RandomMustUseSeed,src/generators/two_agent_generator.py,84,
envoyanshu-crypto-systemwide-scenario-agent-debates-,PR,TSE,project,False Alarm,RandomMustUseSeed,src/generators/two_agent_generator.py,225,
envoyanshu-crypto-systemwide-scenario-agent-debates-,PR,TSE,project,False Alarm,RandomMustUseSeed,src/generators/two_agent_generator.py,229,
envoyanshu-crypto-systemwide-scenario-agent-debates-,PR,TSE,project,False Alarm,RandomMustUseSeed,src/utils/data_generators.py,49,
exxamalte-python-georss-client,PR,TSE,project,False Alarm,InvalidComparisonAnalysis,georss_client/xml_parser/geometry.py,29,
fattureincloud-fattureincloud-python-sdk,PR,TSE,project,False Alarm,InvalidComparisonAnalysis,fattureincloud_python_sdk/api_client.py,450,
fattureincloud-fattureincloud-python-sdk,PR,TSE,project,False Alarm,InvalidComparisonAnalysis,fattureincloud_python_sdk/api_client.py,452,
fattureincloud-fattureincloud-python-sdk,PR,TSE,project,False Alarm,InvalidComparisonAnalysis,fattureincloud_python_sdk/api_client.py,454,
fattureincloud-fattureincloud-python-sdk,PR,TSE,project,False Alarm,InvalidComparisonAnalysis,fattureincloud_python_sdk/api_client.py,456,
femiwiki-tweetbot,PR,TSE,project,False Alarm,RandomMustUseSeed,tweetbot/__init__.py,107,
frostming-python-cfonts,PR,TSE,project,False Alarm,RandomMustUseSeed,cfonts/core.py,145,
gautamkrishnar-socli,PR,TSE,project,False Alarm,RandomMustUseSeed,socli/search.py,461,
gautamkrishnar-socli,PR,TSE,project,False Alarm,RandomMustUseSeed,socli/search.py,473,
imnuman-cloud-orchestrator,PR,TSE,project,False Alarm,RandomMustUseSeed,brain/adapters/vast_ai/mock.py,291,
jessizanelato-desafio-fifa,PR,TSE,project,PR Pending,FileClosedAnalysis,main.py,9,https://github.com/jessizanelato/desafio-fifa/pull/2
jordantete-OddsHarvester,PR,TSE,project,False Alarm,RandomMustUseSeed,src/oddsharvester/core/odds_portal_scraper.py,358,
kipoi-kipoi-utils,PR,TSE,project,PR Pending,InvalidComparisonAnalysis,kipoi_utils/utils.py,224,https://github.com/kipoi/kipoi-utils/pull/43
kipoi-kipoi-utils,PR,TSE,project,PR Pending,InvalidComparisonAnalysis,kipoi_utils/utils.py,235,https://github.com/kipoi/kipoi-utils/pull/43
kipoi-kipoi-utils,PR,TSE,project,PR Pending,InvalidComparisonAnalysis,kipoi_utils/utils.py,192,https://github.com/kipoi/kipoi-utils/pull/43
kirkpatrickprice-PIIDigger,PR,TSE,project,PR Pending,InvalidComparisonAnalysis,src/piidigger/filehandlers/xls.py,69,https://github.com/kirkpatrickprice/PIIDigger/pull/44
kura-blackhole,PR,TSE,project,False Alarm,Pydocs_MustShutdownBeforeCloseSocket,blackhole/config.py,949,
kura-blackhole,PR,TSE,project,False Alarm,Pydocs_MustShutdownBeforeCloseSocket,blackhole/control.py,132,
kura-blackhole,PR,TSE,project,False Alarm,Pydocs_MustShutdownBeforeCloseSocket,blackhole/supervisor.py,136,
kura-blackhole,PR,TSE,project,False Alarm,RandomMustUseSeed,blackhole/utils.py,88,
kura-blackhole,PR,TSE,project,False Alarm,RandomMustUseSeed,blackhole/smtp.py,543,
kura-blackhole,PR,TSE,project,False Alarm,RandomMustUseSeed,blackhole/smtp.py,924,
kura-blackhole,PR,TSE,project,False Alarm,RandomMustUseSeed,blackhole/smtp.py,548,
lfurrer-bconv,PR,TSE,project,False Alarm,PyDocs_MustSortBeforeGroupBy,bconv/fmt/europepmc.py,51,
bkocis-system-monitor-cli-app,PR,TSE,project,False Alarm,WrongTypeAddedAnalysis,src/system_monitor/dashboard.py,149,
bkocis-system-monitor-cli-app,PR,TSE,project,False Alarm,WrongTypeAddedAnalysis,src/system_monitor/dashboard.py,147,
bkocis-system-monitor-cli-app,PR,TSE,project,False Alarm,WrongTypeAddedAnalysis,src/system_monitor/dashboard.py,151,
bkocis-system-monitor-cli-app,PR,TSE,project,False Alarm,WrongTypeAddedAnalysis,src/system_monitor/dashboard.py,137,
bkocis-system-monitor-cli-app,PR,TSE,project,False Alarm,WrongTypeAddedAnalysis,src/system_monitor/dashboard.py,172,
bkocis-system-monitor-cli-app,PR,TSE,project,False Alarm,WrongTypeAddedAnalysis,src/system_monitor/dashboard.py,173,
bkocis-system-monitor-cli-app,PR,TSE,project,False Alarm,WrongTypeAddedAnalysis,src/system_monitor/dashboard.py,174,
calder-mafia,PR,TSE,project,PR Pending,InvalidComparisonAnalysis,mafia/util.py,86,https://github.com/calder/mafia/pull/1
calder-mafia,PR,TSE,project,PR Pending,InvalidComparisonAnalysis,mafia/util.py,88,https://github.com/calder/mafia/pull/1
matheuscas-pycpfcnpj,PR,TSE,project,False Alarm,RandomMustUseSeed,pycpfcnpj/gen.py,10,
matheuscas-pycpfcnpj,PR,TSE,project,False Alarm,RandomMustUseSeed,pycpfcnpj/gen.py,17,
microscopexyz-chainmetareader,PR,TSE,project,PR Pending,FileClosedAnalysis,chainmeta_reader/config/__init__.py,98,https://github.com/microscopexyz/chainmetareader/pull/106
microscopexyz-chainmetareader,PR,TSE,project,PR Pending,FileClosedAnalysis,chainmeta_reader/config/__init__.py,102,https://github.com/microscopexyz/chainmetareader/pull/106
microscopexyz-chainmetareader,PR,TSE,project,PR Pending,FileClosedAnalysis,chainmeta_reader/config/__init__.py,106,https://github.com/microscopexyz/chainmetareader/pull/106
mj6meron-dice-game-project,PR,TSE,project,False Alarm,RandomMustUseSeed,Application/intelligence.py,36,
moqimoqidea-pyjson_translator,PR,TSE,project,False Alarm,InvalidComparisonAnalysis,pyjson_translator/serialize.py,90,
moqimoqidea-pyjson_translator,PR,TSE,project,False Alarm,InvalidComparisonAnalysis,pyjson_translator/serialize.py,94,
mpopt-mpopt,PR,TSE,project,False Alarm,NonFinitesAnalysis,mpopt/mpopt.py,3465,
mpopt-mpopt,PR,TSE,project,False Alarm,NonFinitesAnalysis,mpopt/mpopt.py,3466,
mpopt-mpopt,PR,TSE,project,False Alarm,NonFinitesAnalysis,mpopt/mpopt.py,3467,
mpopt-mpopt,PR,TSE,project,False Alarm,NonFinitesAnalysis,mpopt/mpopt.py,3468,
mpopt-mpopt,PR,TSE,project,False Alarm,NonFinitesAnalysis,mpopt/mpopt.py,3469,
mpopt-mpopt,PR,TSE,project,False Alarm,NonFinitesAnalysis,mpopt/mpopt.py,625,
mpopt-mpopt,PR,TSE,project,False Alarm,NonFinitesAnalysis,mpopt/mpopt.py,628,
mpopt-mpopt,PR,TSE,project,False Alarm,NonFinitesAnalysis,mpopt/mpopt.py,2965,
mpopt-mpopt,PR,TSE,project,False Alarm,NonFinitesAnalysis,mpopt/mpopt.py,2966,
mpopt-mpopt,PR,TSE,project,False Alarm,NonFinitesAnalysis,mpopt/mpopt.py,2963,
mpopt-mpopt,PR,TSE,project,False Alarm,NonFinitesAnalysis,mpopt/mpopt.py,2975,
mpopt-mpopt,PR,TSE,project,False Alarm,NonFinitesAnalysis,mpopt/mpopt.py,2976,
mpopt-mpopt,PR,TSE,project,False Alarm,NonFinitesAnalysis,mpopt/mpopt.py,2973,
mutwo-org-mutwo.core,PR,TSE,project,False Alarm,PyDocs_MustSortBeforeGroupBy,mutwo/core_utilities/tools.py,309,
naf01-text2SQL,PR,TSE,project,False Alarm,InvalidComparisonAnalysis,src/utils.py,135,
naf01-text2SQL,PR,TSE,project,False Alarm,InvalidComparisonAnalysis,src/utils.py,137,
naf01-text2SQL,PR,TSE,project,False Alarm,InvalidComparisonAnalysis,src/utils.py,139,
ollhaa-TiraLabra,PR,TSE,project,False Alarm,RandomMustUseSeed,sovellus/src/markov.py,41,
ollhaa-TiraLabra,PR,TSE,project,False Alarm,RandomMustUseSeed,sovellus/src/tekoaly.py,64,
ollhaa-TiraLabra,PR,TSE,project,False Alarm,RandomMustUseSeed,sovellus/src/tekoaly.py,69,
ollhaa-TiraLabra,PR,TSE,project,False Alarm,RandomMustUseSeed,sovellus/src/tekoaly.py,71,
ollhaa-TiraLabra,PR,TSE,project,False Alarm,RandomMustUseSeed,sovellus/src/tekoaly.py,110,
ph4r05-monero-serialize,PR,TSE,project,False Alarm,InvalidComparisonAnalysis,monero_serialize/core/erefs.py,22,
ph4r05-monero-serialize,PR,TSE,project,False Alarm,InvalidComparisonAnalysis,monero_serialize/core/erefs.py,50,
ph4r05-monero-serialize,PR,TSE,project,False Alarm,InvalidComparisonAnalysis,monero_serialize/core/erefs.py,67,
ph4r05-monero-serialize,PR,TSE,project,False Alarm,InvalidComparisonAnalysis,monero_serialize/core/erefs.py,34,
pip-services3-python-pip-services3-expressions-python,PR,TSE,project,False Alarm,InvalidComparisonAnalysis,pip_services3_expressions/variants/Variant.py,198,
pip-services3-python-pip-services3-expressions-python,PR,TSE,project,False Alarm,InvalidComparisonAnalysis,pip_services3_expressions/variants/Variant.py,200,
pip-services3-python-pip-services3-expressions-python,PR,TSE,project,False Alarm,InvalidComparisonAnalysis,pip_services3_expressions/variants/Variant.py,202,
pip-services3-python-pip-services3-expressions-python,PR,TSE,project,False Alarm,InvalidComparisonAnalysis,pip_services3_expressions/variants/Variant.py,204,
pip-services3-python-pip-services3-expressions-python,PR,TSE,project,False Alarm,InvalidComparisonAnalysis,pip_services3_expressions/variants/Variant.py,208,
ranmaru50-jules_test_01,PR,TSE,project,False Alarm,RandomMustUseSeed,roguelike_rpg/domain/mapgen.py,111,
ranmaru50-jules_test_01,PR,TSE,project,False Alarm,RandomMustUseSeed,roguelike_rpg/domain/mapgen.py,130,
ranmaru50-jules_test_01,PR,TSE,project,False Alarm,RandomMustUseSeed,roguelike_rpg/domain/mapgen.py,74,
rheinwerk-verlag-pganonymize,PR,TSE,project,False Alarm,RandomMustUseSeed,pganonymize/providers.py,148,
saraidery-fragmentino,PR,TSE,project,False Alarm,RandomMustUseSeed,fragmentino/molecular_fragmenter.py,218,
sbliven-Crew9Bot,PR,TSE,project,False Alarm,RandomMustUseSeed,crew9bot/game.py,77,
sbliven-Crew9Bot,PR,TSE,project,False Alarm,RandomMustUseSeed,crew9bot/game.py,113,
sbliven-Crew9Bot,PR,TSE,project,False Alarm,RandomMustUseSeed,crew9bot/missions.py,132,
shivu-py-Ethical-Prisoners-Dilemma-RL,PR,TSE,project,False Alarm,RandomMustUseSeed,backend/rl_agent.py,167,
shivu-py-Ethical-Prisoners-Dilemma-RL,PR,TSE,project,False Alarm,RandomMustUseSeed,backend/rl_agent.py,168,
singularityhub-sregistry-cli,PR,TSE,project,False Alarm,RandomMustUseSeed,sregistry/logger/spinner.py,42,
smf541-PK-Group5,PR,TSE,project,PR Pending,InvalidComparisonAnalysis,pkmodel/solution.py,36,https://github.com/smf541/PK-Group5/pull/87
smf541-PK-Group5,PR,TSE,project,PR Pending,InvalidComparisonAnalysis,pkmodel/solution.py,38,https://github.com/smf541/PK-Group5/pull/87
tjcsl-cslbot,PR,TSE,project,False Alarm,RandomMustUseSeed,cslbot/commands/coin.py,39,
tjcsl-cslbot,PR,TSE,project,False Alarm,Pydocs_MustShutdownBeforeCloseSocket,cslbot/helpers/core.py,144,
uav4geo-GeographicLib,PR,TSE,project,False Alarm,InvalidComparisonAnalysis,python/geographiclib/geomath.py,126,
vectorsss-shapG,PR,TSE,project,False Alarm,RandomMustUseSeed,shapG/shapley.py,37,
witlox-dcron,PR,TSE,project,False Alarm,RandomMustUseSeed,dcron/scheduler.py,88,
yitech-hooklet,PR,TSE,project,False Alarm,RandomMustUseSeed,hooklet/utils/id_generator.py,36,
zalmane-copybook,PR,TSE,project,PR Pending,InvalidComparisonAnalysis,copybook/field_group.py,29,https://github.com/zalmane/copybook/pull/27
zalmane-copybook,PR,TSE,project,PR Pending,InvalidComparisonAnalysis,copybook/field_group.py,60,https://github.com/zalmane/copybook/pull/27
zalmane-copybook,PR,TSE,project,PR Pending,InvalidComparisonAnalysis,copybook/field_group.py,22,https://github.com/zalmane/copybook/pull/27
zmap-zschema,PR,TSE,project,False Alarm,InvalidComparisonAnalysis,zschema/compounds.py,243,
SigmaHQ-pySigma,PR,TSE,project,False Alarm,InvalidComparisonAnalysis,sigma/types.py,216,
Simon-Will-nlmaps-tools,PR,TSE,project,False Alarm,InvalidComparisonAnalysis,nlmaps_tools/process/processors.py,38,
aiunibs-unibs_utils,PR,TSE,project,PR Pending,InvalidComparisonAnalysis,utils_unibs/plots.py,118,https://github.com/aiunibs/unibs_utils/pull/11
aiunibs-unibs_utils,PR,TSE,project,PR Pending,InvalidComparisonAnalysis,utils_unibs/plots.py,186,https://github.com/aiunibs/unibs_utils/pull/11
aiunibs-unibs_utils,PR,TSE,project,PR Pending,InvalidComparisonAnalysis,utils_unibs/plots.py,189,https://github.com/aiunibs/unibs_utils/pull/11
emberhome-lecture_exercises,PR,TSE,project,False Alarm,RandomMustUseSeed,best_practices/dice-roller/dice_roller/dice.py,6,
envoyanshu-crypto-systemwide-scenario-agent-debates-,PR,TSE,project,False Alarm,RandomMustUseSeed,src/utils/data_generators.py,32,
envoyanshu-crypto-systemwide-scenario-agent-debates-,PR,TSE,project,False Alarm,RandomMustUseSeed,src/utils/data_generators.py,11,
envoyanshu-crypto-systemwide-scenario-agent-debates-,PR,TSE,project,False Alarm,RandomMustUseSeed,src/utils/debate_helpers.py,138,
envoyanshu-crypto-systemwide-scenario-agent-debates-,PR,TSE,project,False Alarm,RandomMustUseSeed,src/utils/debate_helpers.py,98,
medialab-ural,PR,TSE,project,False Alarm,InvalidComparisonAnalysis,ural/facebook.py,127,
mpopt-mpopt,PR,TSE,project,False Alarm,NonFinitesAnalysis,mpopt/mpopt.py,555,
mpopt-mpopt,PR,TSE,project,False Alarm,NonFinitesAnalysis,mpopt/mpopt.py,562,
ranmaru50-jules_test_01,PR,TSE,project,False Alarm,RandomMustUseSeed,roguelike_rpg/domain/mapgen.py,81,
ranmaru50-jules_test_01,PR,TSE,project,False Alarm,RandomMustUseSeed,roguelike_rpg/domain/mapgen.py,84,
ranmaru50-jules_test_01,PR,TSE,project,False Alarm,RandomMustUseSeed,roguelike_rpg/domain/mapgen.py,109,
rbignon-woob,PR,TSE,project,Already fixed before we reported,InvalidComparisonAnalysis,woob/browser/elements.py,272,
samnaveenkumaroff-znn,PR,TSE,project,False Alarm,RandomMustUseSeed,znn/nn.py,8,
smf541-PK-Group5,PR,TSE,project,False Alarm,InvalidComparisonAnalysis,pkmodel/solution.py,70,
smue-smue-PyLadies_Battleship,PR,TSE,project,False Alarm,RandomMustUseSeed,src/game_setup.py,154,
smue-smue-PyLadies_Battleship,PR,TSE,project,False Alarm,RandomMustUseSeed,src/player.py,163,
vishnuvardhan-kumar-xccdfparser,PR,TSE,project,False Alarm,StringConcatAnalysis,xccdfparser/lib.py,228,
vishnuvardhan-kumar-xccdfparser,PR,TSE,project,False Alarm,StringConcatAnalysis,xccdfparser/lib.py,73,
vishnuvardhan-kumar-xccdfparser,PR,TSE,project,False Alarm,StringConcatAnalysis,xccdfparser/lib.py,15,
RexWzh-TermCap,PR,TSE,project,False Alarm,PyDocs_MustSortBeforeGroupBy,termcap/anim.py,361,
tjcsl-cslbot,PR,TSE,project,False Alarm,Pydocs_MustShutdownBeforeCloseSocket,cslbot/helpers/server.py,87,
medialab-ural,PR,TSE,project,False Alarm,InvalidComparisonAnalysis,ural/google.py,66,
UBC-MDS-picturepyfect,PR,TSE,project,Repo Archived,InvalidComparisonAnalysis,picturepyfect/get_property.py,28,
python-cpython,Issue,Any,library,Already fixed before we reported,XMLParser_ParseMustFinalize,,,https://github.com/python/cpython/issues/125397
python-cpython,Issue,Any,library,PR Rejected,Pydocs_MustShutdownBeforeCloseSocket,,,https://github.com/python/cpython/issues/130850
python-cpython,Issue,Any,library,PR Rejected,Pydocs_MustShutdownBeforeCloseSocket,,,https://github.com/python/cpython/issues/130902
python-cpython,Issue,Any,library,PR Accepted,KeyInList,,,https://github.com/python/cpython/issues/132372
XxxGHOSTX-Thalos-Prime-Directive,Issue,TSE,project,PR Pending,RandomMustUseSeed,src/interfaces/web/nlp_processor.py,272,https://github.com/XxxGHOSTX/Thalos-Prime-Directive/issues/7
XxxGHOSTX-Thalos-Prime-Directive,Issue,TSE,project,PR Pending,RandomMustUseSeed,src/ai/neural/bio_neural_network.py,240,https://github.com/XxxGHOSTX/Thalos-Prime-Directive/issues/7
XxxGHOSTX-Thalos-Prime-Directive,Issue,TSE,project,PR Pending,RandomMustUseSeed,src/ai/neural/bio_neural_network.py,242,https://github.com/XxxGHOSTX/Thalos-Prime-Directive/issues/7
XxxGHOSTX-Thalos-Prime-Directive,Issue,TSE,project,PR Pending,RandomMustUseSeed,src/ai/learning/reinforcement_learner.py,78,https://github.com/XxxGHOSTX/Thalos-Prime-Directive/issues/7
mad-lab-transit,PR,ArXiv,project,PR Pending,FileMustClose,src/pytransit/tnseq_tools.py,84,https://github.com/mad-lab/transit/pull/27
mad-lab-transit,PR,ArXiv,project,PR Pending,FileMustClose,src/pytransit/tnseq_tools.py,124,https://github.com/mad-lab/transit/pull/27
privacyidea-privacyidea,PR,ArXiv,test,PR Accepted,FileMustClose,tests/test_api_lib_policy.py,4075,https://github.com/privacyidea/privacyidea/pull/4097
alstr-todo-to-issue-action,PR,ArXiv,project,PR Accepted,FileMustClose,main.py,472,https://github.com/alstr/todo-to-issue-action/pull/213
bitsandbytes-foundation-bitsandbytes,PR,ArXiv,test,PR Accepted,RandomMustUseSeed,tests/test_functional.py,24,https://github.com/bitsandbytes-foundation/bitsandbytes/pull/1383
JeanExtreme002-FastSnake,PR,ArXiv,test,PR Pending,RandomMustUseSeed,tests/conftest.py,5,https://github.com/JeanExtreme002/FastSnake/pull/2
hetailang-SqueezeAttention,PR,ArXiv,project,PR Accepted,KeyInList,helm/src/helm/proxy/models.py,914,https://github.com/hetailang/SqueezeAttention/pull/4
hetailang-SqueezeAttention,PR,ArXiv,project,PR Accepted,KeyInList,helm/src/helm/proxy/models.py,919,https://github.com/hetailang/SqueezeAttention/pull/4
Abjad-abjad,PR,ArXiv,project,PR Accepted,KeyInList,abjad/label.py,1946,https://github.com/Abjad/abjad/pull/1590
Abjad-abjad,PR,ArXiv,project,PR Accepted,KeyInList,abjad/sequence.py,2103,https://github.com/Abjad/abjad/pull/1590
fonttools-fonttools,PR,ArXiv,project,PR Accepted,XMLParser_ParseMustFinalize,Lib/fontTools/misc/testTools.py,41,https://github.com/fonttools/fonttools/pull/3669
fonttools-fonttools,PR,ArXiv,project,PR Accepted,XMLParser_ParseMustFinalize,Lib/fontTools/misc/xmlReader.py,73,https://github.com/fonttools/fonttools/pull/3669
fonttools-fonttools,PR,ArXiv,project,PR Accepted,XMLParser_ParseMustFinalize,Lib/fontTools/misc/xmlReader.py,78,https://github.com/fonttools/fonttools/pull/3669
fonttools-fonttools,PR,ArXiv,project,PR Accepted,XMLParser_ParseMustFinalize,Lib/fontTools/ufoLib/glifLib.py,1768,https://github.com/fonttools/fonttools/pull/3669
pamoller-xmlformatter,PR,ArXiv,project,PR Accepted,XMLParser_ParseMustFinalize,xmlformatter.py,101,https://github.com/pamoller/xmlformatter/pull/16
biopython-biopython,PR,ArXiv,project,PR Accepted,XMLParser_ParseMustFinalize,Bio/Blast/__init__.py,732,https://github.com/biopython/biopython/pull/4873
eandersson-amqpstorm,PR,ArXiv,project,PR Accepted,RandomMustUseSeed,amqpstorm/tests/unit/basic/test_basic.py,241,https://github.com/eandersson/amqpstorm/pull/138
compassinformatics-wayfarer,PR,ArXiv,project,PR Rejected,PyDocs_MustSortBeforeGroupBy,wayfarer/linearref.py,397,https://github.com/compassinformatics/wayfarer/pull/67
geopython-pygeoapi,PR,ArXiv,project,PR Rejected,KeyInList,pygeoapi/api/itemtypes.py,382,https://github.com/geopython/pygeoapi/pull/1951
WindyLab-GenSwarm,PR,ArXiv,project,PR Pending,KeyInList,modules/framework/constraint/contraint_info.py,105,https://github.com/WindyLab/GenSwarm/pull/218
davidhalter-jedi,PR,ArXiv,project,PR Accepted,KeyInList,jedi/inference/imports.py,484,https://github.com/davidhalter/jedi/pull/2051
mila-iqia-clockwork,PR,ArXiv,project,PR Pending,RandomMustUseSeed,scripts_test/test_read_mila_ldap.py,10,https://github.com/mila-iqia/clockwork/pull/217
stub42-pytz,PR,ArXiv,project,PR Pending,FileMustClose,gen_tzinfo.py,115,https://github.com/stub42/pytz/pull/135
NOAA-ORR-ERD-gridded,PR,ArXiv,project,PR Accepted,Pydocs_MustShutdownBeforeCloseSocket,gridded/tests/get_remote_data.py,60,https://github.com/NOAA-ORR-ERD/gridded/pull/95
paramiko-paramiko,PR,ArXiv,project,PR Pending,Pydocs_MustShutdownBeforeCloseSocket,paramiko/client.py,393,https://github.com/paramiko/paramiko/pull/2506
redis-redis-py,PR,ArXiv,project,PR Accepted,Pydocs_MustShutdownBeforeCloseSocket,redis/connection.py,767,https://github.com/redis/redis-py/pull/3567
redis-redis-py,PR,ArXiv,project,PR Accepted,Pydocs_MustShutdownBeforeCloseSocket,redis/connection.py,1182,https://github.com/redis/redis-py/pull/3567
urllib3-urllib3,PR,ArXiv,project,PR Rejected,Pydocs_MustShutdownBeforeCloseSocket,src/urllib3/util/connection.py,81,https://github.com/urllib3/urllib3/pull/3573
twisted-twisted,PR,ArXiv,project,PR Pending,KeyInList,src/twisted/logger/_observer.py,43,https://github.com/twisted/twisted/pull/12440
kizniche-Mycodo,PR,ArXiv,project,PR Rejected,RandomMustUseSeed,mycodo/tests/software_tests/test_mycodo_flask/test_endpoints.py,25,https://github.com/kizniche/Mycodo/pull/1415
Lightning-AI-pytorch-lightning,PR,ArXiv,project,PR Accepted,KeyInList,src/lightning/fabric/accelerators/registry.py,112,https://github.com/Lightning-AI/pytorch-lightning/pull/20672
lmfit-lmfit-py,PR,ArXiv,project,PR Rejected,KeyInList,lmfit/model.py,553,https://github.com/lmfit/lmfit-py/pull/997
PyThaiNLP-pythainlp,PR,ArXiv,project,PR Accepted,KeyInList,pythainlp/util/syllable.py,90,https://github.com/PyThaiNLP/pythainlp/pull/1087
lepture-mistune,PR,ArXiv,project,PR Rejected,KeyInList,src/mistune/core.py,195,https://github.com/lepture/mistune/pull/413
1200wd-bitcoinlib,PR,ArXiv,project,PR Accepted,KeyInList,bitcoinlib/services/services.py,112,https://github.com/1200wd/bitcoinlib/pull/456
iop-apl-uw-basestation3,PR,ArXiv,project,PR Rejected,KeyInList,CommLog.py,184,https://github.com/iop-apl-uw/basestation3/pull/4
jaraco-cssutils,PR,ArXiv,project,PR Accepted,KeyInList,cssutils/css/value.py,995,https://github.com/jaraco/cssutils/pull/63
classy-python-ccbv,PR,ArXiv,project,PR Rejected,KeyInList,cbv/views.py,59,https://github.com/classy-python/ccbv/pull/245
pyca-cryptography,PR,ArXiv,test,PR Rejected,RandomMustUseSeed,tests/hazmat/primitives/test_xofhash.py,19,https://github.com/pyca/cryptography/pull/12737
geyang-ml-logger,PR,ArXiv,project,PR Rejected,RandomMustUseSeed,ml_logger_tests/test_ml_logger.py,63,https://github.com/geyang/ml-logger/pull/71
microsoft-onnxruntime,PR,ArXiv,project,PR Pending,KeyInList,onnxruntime/python/onnxruntime_inference_collection.py,248,https://github.com/microsoft/onnxruntime/pull/24331
carpedm20-emoji,PR,ArXiv,project,PR Accepted,KeyInList,emoji/unicode_codes/__init__.py,98,https://github.com/carpedm20/emoji/pull/318
opendatacube-datacube-core,PR,ArXiv,project,PR Accepted,KeyInList,datacube/cfg/opt.py,142,https://github.com/opendatacube/datacube-core/pull/1774
fgnt-meeteval,PR,ArXiv,project,PR Accepted,KeyInList,meeteval/io/seglst.py,656,https://github.com/fgnt/meeteval/pull/107
OpenCTI-Platform-client-python,PR,ArXiv,project,PR Accepted,KeyInList,pycti/utils/constants.py,53,https://github.com/OpenCTI-Platform/client-python/pull/873
OpenCTI-Platform-client-python,PR,ArXiv,project,PR Accepted,KeyInList,pycti/utils/constants.py,66,https://github.com/OpenCTI-Platform/client-python/pull/873
OpenCTI-Platform-client-python,PR,ArXiv,project,PR Accepted,KeyInList,pycti/utils/constants.py,76,https://github.com/OpenCTI-Platform/client-python/pull/873
OpenCTI-Platform-client-python,PR,ArXiv,project,PR Accepted,KeyInList,pycti/utils/constants.py,89,https://github.com/OpenCTI-Platform/client-python/pull/873
OpenCTI-Platform-client-python,PR,ArXiv,project,PR Accepted,KeyInList,pycti/utils/constants.py,103,https://github.com/OpenCTI-Platform/client-python/pull/873
OpenCTI-Platform-client-python,PR,ArXiv,project,PR Accepted,KeyInList,pycti/utils/constants.py,115,https://github.com/OpenCTI-Platform/client-python/pull/873
OpenCTI-Platform-client-python,PR,ArXiv,project,PR Accepted,KeyInList,pycti/utils/constants.py,139,https://github.com/OpenCTI-Platform/client-python/pull/873
se-sic-VaRA-Tool-Suite,PR,ArXiv,project,PR Rejected,KeyInList,varats-core/varats/base/sampling_method.py,41,https://github.com/se-sic/VaRA-Tool-Suite/pull/924
chmarti1-PYroMat,PR,ArXiv,project,PR Rejected,KeyInList,src/pyromat/reg.py,245,https://github.com/chmarti1/PYroMat/pull/105
tuplex-tuplex,PR,ArXiv,project,PR Rejected,RandomMustUseSeed,tuplex/python/tests/test_exceptions.py,18,https://github.com/tuplex/tuplex/pull/156
jupyterhub-binderhub,PR,ArXiv,project,PR Rejected,RandomMustUseSeed,binderhub/tests/conftest.py,66,https://github.com/jupyterhub/binderhub/pull/1958
robinthibaut-skbel,PR,ArXiv,project,PR Pending,KeyInList,skbel/tmaps/transport_map.py,585,https://github.com/robinthibaut/skbel/pull/7
robinthibaut-skbel,PR,ArXiv,project,PR Pending,KeyInList,skbel/tmaps/transport_map.py,646,https://github.com/robinthibaut/skbel/pull/7
robinthibaut-skbel,PR,ArXiv,project,PR Pending,KeyInList,skbel/tmaps/transport_map.py,691,https://github.com/robinthibaut/skbel/pull/7
robinthibaut-skbel,PR,ArXiv,project,PR Pending,KeyInList,skbel/tmaps/transport_map.py,727,https://github.com/robinthibaut/skbel/pull/7
robinthibaut-skbel,PR,ArXiv,project,PR Pending,KeyInList,skbel/tmaps/transport_map.py,840,https://github.com/robinthibaut/skbel/pull/7
robinthibaut-skbel,PR,ArXiv,project,PR Pending,KeyInList,skbel/tmaps/transport_map.py,846,https://github.com/robinthibaut/skbel/pull/7
robinthibaut-skbel,PR,ArXiv,project,PR Pending,KeyInList,skbel/tmaps/transport_map.py,878,https://github.com/robinthibaut/skbel/pull/7
robinthibaut-skbel,PR,ArXiv,project,PR Pending,KeyInList,skbel/tmaps/transport_map.py,1104,https://github.com/robinthibaut/skbel/pull/7
robinthibaut-skbel,PR,ArXiv,project,PR Pending,KeyInList,skbel/tmaps/transport_map.py,1110,https://github.com/robinthibaut/skbel/pull/7
robinthibaut-skbel,PR,ArXiv,project,PR Pending,KeyInList,skbel/tmaps/transport_map.py,1146,https://github.com/robinthibaut/skbel/pull/7
robinthibaut-skbel,PR,ArXiv,project,PR Pending,KeyInList,skbel/tmaps/transport_map.py,1360,https://github.com/robinthibaut/skbel/pull/7
robinthibaut-skbel,PR,ArXiv,project,PR Pending,KeyInList,skbel/tmaps/transport_map.py,1368,https://github.com/robinthibaut/skbel/pull/7
robinthibaut-skbel,PR,ArXiv,project,PR Pending,KeyInList,skbel/tmaps/transport_map.py,1374,https://github.com/robinthibaut/skbel/pull/7
robinthibaut-skbel,PR,ArXiv,project,PR Pending,KeyInList,skbel/tmaps/transport_map.py,1383,https://github.com/robinthibaut/skbel/pull/7
databricks-cli,PR,ArXiv,project,PR Accepted,FileMustClose,tools/validate_whitespace.py,74,https://github.com/databricks/cli/pull/2740
TestInABox-stackInABox,PR,ArXiv,project,PR Accepted,HostnamesTerminatesWithSlash,stackinabox/util/requests_mock/core.py,54,https://github.com/TestInABox/stackInABox/pull/93
SpockBotMC-SpockBot,PR,ArXiv,test,PR Rejected,RandomMustUseSeed,tests/plugins/core/test_taskmanager.py,7,https://github.com/SpockBotMC/SpockBot/pull/237
bitshares-python-bitshares,PR,ArXiv,test,PR Accepted,RandomMustUseSeed,tests/testnet/aio/conftest.py,35,https://github.com/bitshares/python-bitshares/pull/329
MacHu-GWU-single_file_module-project,PR,ArXiv,test,PR Pending,RandomMustUseSeed,tests/conftest.py,1,https://github.com/MacHu-GWU/single_file_module-project/pull/1
cle-b-niobium,PR,ArXiv,test,PR Accepted,KeyInList,tests/test_image_match_template.py,309,https://github.com/cle-b/niobium/pull/11
redhat-partner-tech-automated-smart-management,PR,ArXiv,project,PR Pending,KeyInList,collections/ansible_collections/theforeman/foreman/tests/test_crud.py,99,https://github.com/redhat-partner-tech/automated-smart-management/pull/8
redhat-partner-tech-automated-smart-management,PR,ArXiv,project,PR Pending,KeyInList,collections/ansible_collections/theforeman/foreman/tests/test_module_state.py,25,https://github.com/redhat-partner-tech/automated-smart-management/pull/8
Krebs-Busters-zone-segmentation,PR,ArXiv,test,PR Pending,BuiltinAllAnalysis,tests/test_data.py,21,https://github.com/Krebs-Busters/zone-segmentation/pull/3
Krebs-Busters-zone-segmentation,PR,ArXiv,test,PR Pending,BuiltinAllAnalysis,tests/test_data.py,28,https://github.com/Krebs-Busters/zone-segmentation/pull/3
achuthrajula-SER516-pairprogramming-patil,PR,ArXiv,project,PR Pending,BuiltinAllAnalysis,guet/git/_all_valid_hooks.py,33,https://github.com/achuthrajula/SER516-pairprogramming-patil/pull/21